District,Statecode,Date,Count
Adilabad,TG,05/04/2020,1
Adilabad,TG,07/04/2020,1
Adilabad,TG,10/04/2020,8
Adilabad,TG,11/04/2020,1
Adilabad,TG,19/04/2020,5
Agar Malwa,MP,15/04/2020,3
Agar Malwa,MP,16/04/2020,1
Agra,UP,01/04/2020,1
Agra,UP,02/04/2020,5
Agra,UP,03/04/2020,3
Agra,UP,04/03/2020,7
Agra,UP,04/04/2020,24
Agra,UP,05/04/2020,3
Agra,UP,06/04/2020,2
Agra,UP,07/04/2020,13
Agra,UP,08/04/2020,2
Agra,UP,09/03/2020,2
Agra,UP,09/04/2020,19
Agra,UP,10/04/2020,5
Agra,UP,11/04/2020,4
Agra,UP,12/04/2020,12
Agra,UP,13/03/2020,1
Agra,UP,13/04/2020,35
Agra,UP,14/04/2020,4
Agra,UP,15/04/2020,15
Agra,UP,16/04/2020,9
Agra,UP,17/04/2020,5
Agra,UP,18/04/2020,27
Agra,UP,19/04/2020,43
Agra,UP,30/03/2020,1
Ahmadabad,GJ,01/04/2020,8
Ahmadabad,GJ,03/04/2020,7
Ahmadabad,GJ,04/04/2020,7
Ahmadabad,GJ,05/04/2020,8
Ahmadabad,GJ,06/04/2020,11
Ahmadabad,GJ,07/04/2020,19
Ahmadabad,GJ,09/04/2020,59
Ahmadabad,GJ,10/04/2020,55
Ahmadabad,GJ,11/04/2020,46
Ahmadabad,GJ,12/04/2020,39
Ahmadabad,GJ,13/04/2020,38
Ahmadabad,GJ,14/04/2020,53
Ahmadabad,GJ,15/04/2020,77
Ahmadabad,GJ,16/04/2020,95
Ahmadabad,GJ,17/04/2020,78
Ahmadabad,GJ,18/04/2020,239
Ahmadabad,GJ,19/04/2020,239
Ahmadabad,GJ,20/03/2020,3
Ahmadabad,GJ,21/03/2020,2
Ahmadabad,GJ,22/03/2020,3
Ahmadabad,GJ,23/03/2020,6
Ahmadabad,GJ,28/03/2020,3
Ahmadabad,GJ,29/03/2020,4
Ahmadabad,GJ,30/03/2020,1
Ahmadabad,GJ,31/03/2020,1
Ahmadnagar,MH,02/04/2020,9
Ahmadnagar,MH,05/04/2020,4
Ahmadnagar,MH,06/04/2020,2
Ahmadnagar,MH,07/04/2020,2
Ahmadnagar,MH,11/04/2020,1
Ahmadnagar,MH,13/04/2020,1
Ahmadnagar,MH,14/03/2020,1
Ahmadnagar,MH,16/04/2020,1
Ahmadnagar,MH,18/04/2020,1
Ahmadnagar,MH,19/03/2020,1
Ahmadnagar,MH,24/03/2020,1
Ahmadnagar,MH,29/03/2020,2
Ahmadnagar,MH,31/03/2020,3
Aizawl,MZ,25/03/2020,1
Ajmer,RJ,16/04/2020,1
Ajmer,RJ,17/04/2020,9
Ajmer,RJ,18/04/2020,3
Ajmer,RJ,19/04/2020,5
Ajmer,RJ,28/03/2020,1
Ajmer,RJ,29/03/2020,3
Ajmer,RJ,31/03/2020,1
Akola,MH,08/04/2020,1
Akola,MH,09/04/2020,8
Akola,MH,10/04/2020,3
Akola,MH,12/04/2020,1
Akola,MH,15/04/2020,1
Akola,MH,18/04/2020,1
Alappuzha,KL,02/2/2020,1
Alappuzha,KL,04/04/2020,1
Alappuzha,KL,08/04/2020,2
Alappuzha,KL,24/03/2020,1
Alirajpur,MP,15/04/2020,1
Almora,UT,06/04/2020,1
Alwar,RJ,01/04/2020,1
Alwar,RJ,03/04/2020,3
Alwar,RJ,10/04/2020,1
Alwar,RJ,11/04/2020,1
Alwar,RJ,30/03/2020,1
Ambala,HR,02/04/2020,2
Ambala,HR,10/04/2020,4
Ambala,HR,19/04/2020,4
Ambala,HR,28/03/2020,1
Amravati,MH,04/04/2020,1
Amravati,MH,09/04/2020,3
Amravati,MH,14/04/2020,1
Amravati,MH,18/04/2020,1
Amritsar,PB,03/04/2020,2
Amritsar,PB,04/04/2020,3
Amritsar,PB,06/04/2020,1
Amritsar,PB,07/04/2020,1
Amritsar,PB,09/03/2020,1
Amritsar,PB,09/04/2020,1
Amritsar,PB,22/03/2020,1
Amritsar,PB,31/03/2020,1
Amroha,UP,08/04/2020,1
Amroha,UP,09/04/2020,1
Amroha,UP,10/04/2020,5
Amroha,UP,14/04/2020,2
Amroha,UP,16/04/2020,1
Anand,GJ,07/04/2020,1
Anand,GJ,09/04/2020,1
Anand,GJ,11/04/2020,3
Anand,GJ,12/04/2020,3
Anand,GJ,13/04/2020,1
Anand,GJ,14/04/2020,1
Anand,GJ,15/04/2020,7
Anand,GJ,16/04/2020,8
Anand,GJ,17/04/2020,1
Anand,GJ,18/04/2020,1
Anand,GJ,19/04/2020,1
Anantapur,AP,04/04/2020,1
Anantapur,AP,05/04/2020,3
Anantapur,AP,08/04/2020,7
Anantapur,AP,10/04/2020,2
Anantapur,AP,14/04/2020,5
Anantapur,AP,15/04/2020,1
Anantapur,AP,17/04/2020,5
Anantapur,AP,19/04/2020,3
Anantapur,AP,31/03/2020,2
Anantnag,JK,18/04/2020,2
Aravalli,GJ,16/04/2020,1
Ariyalur,TN,06/04/2020,1
Auraiya,UP,05/04/2020,1
Auraiya,UP,08/04/2020,1
Auraiya,UP,10/04/2020,1
Auraiya,UP,14/04/2020,2
Auraiya,UP,17/04/2020,1
Aurangabad,MH,02/04/2020,2
Aurangabad,MH,05/04/2020,4
Aurangabad,MH,06/04/2020,3
Aurangabad,MH,07/04/2020,3
Aurangabad,MH,09/04/2020,4
Aurangabad,MH,11/04/2020,2
Aurangabad,MH,13/04/2020,4
Aurangabad,MH,15/03/2020,1
Aurangabad,MH,16/04/2020,5
Azamgarh,UP,03/04/2020,3
Azamgarh,UP,07/04/2020,1
Azamgarh,UP,13/04/2020,2
Azamgarh,UP,19/04/2020,1
Badgam,JK,08/04/2020,9
Badgam,JK,11/04/2020,1
Badgam,JK,16/04/2020,1
Badgam,JK,18/04/2020,1
Badgam,JK,29/03/2020,2
Bagalkote,KA,03/04/2020,1
Bagalkote,KA,06/04/2020,2
Bagalkote,KA,07/04/2020,2
Bagalkote,KA,09/04/2020,3
Bagalkote,KA,13/04/2020,1
Bagalkote,KA,14/04/2020,3
Bagalkote,KA,15/04/2020,2
Bagalkote,KA,18/04/2020,7
Baghpat,UP,04/04/2020,1
Baghpat,UP,08/04/2020,1
Baghpat,UP,09/04/2020,2
Baghpat,UP,12/04/2020,2
Baghpat,UP,14/04/2020,7
Baghpat,UP,16/04/2020,1
Baghpat,UP,26/03/2020,1
Baleshwar,OR,18/04/2020,1
Ballari,KA,02/04/2020,1
Ballari,KA,04/04/2020,1
Ballari,KA,05/04/2020,1
Ballari,KA,17/04/2020,7
Ballari,KA,31/03/2020,3
Banas Kantha,GJ,13/04/2020,2
Banas Kantha,GJ,16/04/2020,4
Banas Kantha,GJ,17/04/2020,2
Banas Kantha,GJ,19/04/2020,2
Banda,UP,04/04/2020,1
Banda,UP,05/04/2020,1
Banda,UP,14/04/2020,1
Bandipore,JK,01/04/2020,7
Bandipore,JK,02/04/2020,8
Bandipore,JK,03/04/2020,3
Bandipore,JK,04/04/2020,9
Bandipore,JK,11/04/2020,3
Bandipore,JK,13/04/2020,9
Bandipore,JK,14/04/2020,2
Bandipore,JK,15/04/2020,3
Bandipore,JK,16/04/2020,10
Bandipore,JK,17/04/2020,9
Bandipore,JK,18/04/2020,5
Bandipore,JK,19/04/2020,4
Bandipore,JK,24/03/2020,1
Bandipore,JK,25/03/2020,4
Bandipore,JK,28/03/2020,4
Bandipore,JK,30/03/2020,3
Banswara,RJ,04/04/2020,2
Banswara,RJ,07/04/2020,7
Banswara,RJ,08/04/2020,1
Banswara,RJ,09/04/2020,2
Banswara,RJ,10/04/2020,12
Banswara,RJ,11/04/2020,13
Banswara,RJ,12/04/2020,15
Banswara,RJ,13/04/2020,7
Banswara,RJ,18/04/2020,1
Bara Banki,UP,05/04/2020,1
Baramula,JK,04/04/2020,5
Baramula,JK,05/04/2020,14
Baramula,JK,06/04/2020,3
Baramula,JK,07/04/2020,1
Baramula,JK,08/04/2020,5
Baramula,JK,11/04/2020,4
Baramula,JK,12/04/2020,4
Baramula,JK,13/04/2020,3
Baramula,JK,15/04/2020,2
Baramula,JK,19/04/2020,2
Baramula,JK,29/03/2020,1
Bareilly,UP,29/03/2020,1
Bareilly,UP,31/03/2020,5
Barmer,RJ,09/04/2020,1
Barnala,PB,05/04/2020,1
Barnala,PB,09/04/2020,1
Barwani,MP,05/04/2020,3
Barwani,MP,08/04/2020,9
Barwani,MP,10/04/2020,2
Barwani,MP,14/04/2020,3
Barwani,MP,15/04/2020,5
Basti,UP,01/04/2020,1
Basti,UP,02/04/2020,2
Basti,UP,03/04/2020,2
Basti,UP,07/04/2020,3
Basti,UP,10/04/2020,1
Basti,UP,13/04/2020,5
Basti,UP,15/04/2020,2
Basti,UP,19/04/2020,3
Begusarai,BR,01/04/2020,1
Begusarai,BR,07/04/2020,2
Begusarai,BR,09/04/2020,2
Begusarai,BR,11/04/2020,2
Begusarai,BR,13/04/2020,1
Begusarai,BR,17/04/2020,1
Belagavi,KA,03/04/2020,3
Belagavi,KA,05/04/2020,4
Belagavi,KA,09/04/2020,3
Belagavi,KA,12/04/2020,4
Belagavi,KA,13/04/2020,3
Belagavi,KA,14/04/2020,1
Belagavi,KA,15/04/2020,1
Belagavi,KA,16/04/2020,17
Belagavi,KA,17/04/2020,5
Belagavi,KA,18/04/2020,1
Bengaluru,KA,01/04/2020,3
Bengaluru,KA,04/04/2020,4
Bengaluru,KA,05/04/2020,2
Bengaluru,KA,06/04/2020,2
Bengaluru,KA,07/04/2020,3
Bengaluru,KA,08/04/2020,1
Bengaluru,KA,09/03/2020,1
Bengaluru,KA,09/04/2020,5
Bengaluru,KA,10/03/2020,3
Bengaluru,KA,10/04/2020,3
Bengaluru,KA,11/04/2020,2
Bengaluru,KA,12/03/2020,1
Bengaluru,KA,12/04/2020,3
Bengaluru,KA,13/04/2020,1
Bengaluru,KA,14/04/2020,3
Bengaluru,KA,15/04/2020,2
Bengaluru,KA,16/04/2020,5
Bengaluru,KA,17/03/2020,3
Bengaluru,KA,17/04/2020,10
Bengaluru,KA,18/03/2020,3
Bengaluru,KA,18/04/2020,3
Bengaluru,KA,21/03/2020,4
Bengaluru,KA,22/03/2020,4
Bengaluru,KA,23/03/2020,6
Bengaluru,KA,24/03/2020,1
Bengaluru,KA,25/03/2020,8
Bengaluru,KA,26/03/2020,3
Bengaluru,KA,27/03/2020,4
Bengaluru,KA,28/03/2020,2
Bengaluru,KA,30/03/2020,1
Bengaluru,KA,31/03/2020,4
Bengaluru Rural,KA,04/04/2020,1
Bengaluru Rural,KA,06/04/2020,1
Bengaluru Rural,KA,07/04/2020,1
Bengaluru Rural,KA,10/04/2020,1
Bengaluru Rural,KA,13/04/2020,1
Betul,MP,06/04/2020,1
Betul,MP,17/04/2020,1
Bhadohi,UP,11/04/2020,1
Bhadradri Kothagudem,TG,10/04/2020,1
Bhadradri Kothagudem,TG,22/03/2020,1
Bhadradri Kothagudem,TG,24/03/2020,2
Bhadrak,OR,03/04/2020,2
Bhadrak,OR,31/03/2020,1
Bhagalpur,BR,04/04/2020,1
Bharatpur,RJ,02/04/2020,1
Bharatpur,RJ,03/04/2020,2
Bharatpur,RJ,04/04/2020,2
Bharatpur,RJ,07/04/2020,3
Bharatpur,RJ,10/04/2020,1
Bharatpur,RJ,13/04/2020,11
Bharatpur,RJ,16/04/2020,23
Bharatpur,RJ,18/04/2020,42
Bharatpur,RJ,19/04/2020,17
Bharuch,GJ,10/04/2020,7
Bharuch,GJ,11/04/2020,1
Bharuch,GJ,13/04/2020,3
Bharuch,GJ,15/04/2020,2
Bharuch,GJ,17/04/2020,8
Bharuch,GJ,18/04/2020,1
Bharuch,GJ,19/04/2020,1
Bhavnagar,GJ,02/04/2020,1
Bhavnagar,GJ,04/04/2020,2
Bhavnagar,GJ,05/04/2020,4
Bhavnagar,GJ,07/04/2020,1
Bhavnagar,GJ,08/04/2020,4
Bhavnagar,GJ,10/04/2020,4
Bhavnagar,GJ,11/04/2020,1
Bhavnagar,GJ,14/04/2020,3
Bhavnagar,GJ,18/04/2020,4
Bhavnagar,GJ,19/04/2020,2
Bhavnagar,GJ,28/03/2020,1
Bhavnagar,GJ,30/03/2020,5
Bhilwara,RJ,04/04/2020,1
Bhilwara,RJ,09/04/2020,1
Bhilwara,RJ,19/04/2020,1
Bhilwara,RJ,20/03/2020,6
Bhilwara,RJ,21/03/2020,7
Bhilwara,RJ,25/03/2020,4
Bhilwara,RJ,26/03/2020,2
Bhilwara,RJ,27/03/2020,2
Bhilwara,RJ,28/03/2020,3
Bhilwara,RJ,29/03/2020,1
Bhilwara,RJ,30/03/2020,1
Bhiwani,HR,04/04/2020,2
Bhiwani,HR,19/04/2020,1
Bhojpur,BR,19/04/2020,1
Bhopal,MP,02/04/2020,5
Bhopal,MP,04/04/2020,7
Bhopal,MP,05/04/2020,3
Bhopal,MP,06/04/2020,43
Bhopal,MP,07/04/2020,24
Bhopal,MP,08/04/2020,9
Bhopal,MP,09/04/2020,4
Bhopal,MP,10/04/2020,18
Bhopal,MP,11/04/2020,15
Bhopal,MP,12/04/2020,3
Bhopal,MP,13/04/2020,8
Bhopal,MP,14/04/2020,16
Bhopal,MP,15/04/2020,9
Bhopal,MP,16/04/2020,29
Bhopal,MP,17/04/2020,1
Bhopal,MP,22/03/2020,1
Bhopal,MP,25/03/2020,1
Bhopal,MP,27/03/2020,1
Bid,MH,09/04/2020,1
Bidar,KA,02/04/2020,10
Bidar,KA,11/04/2020,1
Bidar,KA,13/04/2020,2
Bidar,KA,17/04/2020,1
Bijnor,UP,06/04/2020,1
Bijnor,UP,14/04/2020,8
Bijnor,UP,16/04/2020,4
Bijnor,UP,18/04/2020,9
Bikaner,RJ,03/04/2020,2
Bikaner,RJ,04/04/2020,2
Bikaner,RJ,05/04/2020,6
Bikaner,RJ,06/04/2020,1
Bikaner,RJ,07/04/2020,3
Bikaner,RJ,08/04/2020,6
Bikaner,RJ,11/04/2020,6
Bikaner,RJ,12/04/2020,8
Bikaner,RJ,16/04/2020,1
Bikaner,RJ,19/04/2020,2
Bilaspur,CT,26/03/2020,1
Bokaro,JH,05/04/2020,1
Bokaro,JH,09/04/2020,4
Bokaro,JH,10/04/2020,1
Bokaro,JH,12/04/2020,2
Bokaro,JH,13/04/2020,1
Botad,GJ,15/04/2020,1
Botad,GJ,17/04/2020,3
Botad,GJ,19/04/2020,1
Budaun,UP,06/04/2020,1
Budaun,UP,11/04/2020,1
Budaun,UP,16/04/2020,2
Budaun,UP,17/04/2020,1
Budaun,UP,19/04/2020,3
Bulandshahr,UP,01/04/2020,2
Bulandshahr,UP,07/04/2020,2
Bulandshahr,UP,08/04/2020,3
Bulandshahr,UP,11/04/2020,3
Bulandshahr,UP,15/04/2020,1
Bulandshahr,UP,17/04/2020,2
Bulandshahr,UP,18/04/2020,1
Bulandshahr,UP,30/03/2020,1
Buldana,MH,01/04/2020,1
Buldana,MH,02/04/2020,1
Buldana,MH,07/04/2020,2
Buldana,MH,08/04/2020,1
Buldana,MH,09/04/2020,3
Buldana,MH,10/04/2020,2
Buldana,MH,13/04/2020,4
Buldana,MH,15/04/2020,4
Buldana,MH,29/03/2020,1
Buldana,MH,31/03/2020,2
Buxar,BR,16/04/2020,2
Buxar,BR,19/04/2020,2
Cachar,AS,04/04/2020,1
Cachar,AS,31/03/2020,1
Chamba,HP,06/04/2020,4
Chamba,HP,15/04/2020,2
Chandigarh,CH,01/04/2020,2
Chandigarh,CH,02/04/2020,1
Chandigarh,CH,10/04/2020,1
Chandigarh,CH,12/04/2020,2
Chandigarh,CH,18/04/2020,2
Chandigarh,CH,19/03/2020,1
Chandigarh,CH,19/04/2020,3
Chandigarh,CH,20/03/2020,4
Chandigarh,CH,22/03/2020,1
Chandigarh,CH,23/03/2020,1
Chandigarh,CH,27/03/2020,1
Chandigarh,CH,30/03/2020,5
Chandigarh,CH,31/03/2020,2
Chandrapur,MH,16/04/2020,2
Charki Dadri,HR,06/04/2020,1
Chengalpattu,TN,01/04/2020,7
Chengalpattu,TN,02/04/2020,7
Chengalpattu,TN,05/04/2020,3
Chengalpattu,TN,06/04/2020,2
Chengalpattu,TN,09/04/2020,4
Chengalpattu,TN,10/04/2020,12
Chengalpattu,TN,11/04/2020,1
Chengalpattu,TN,12/04/2020,2
Chengalpattu,TN,13/04/2020,2
Chengalpattu,TN,15/04/2020,3
Chengalpattu,TN,19/04/2020,3
Chengalpattu,TN,24/03/2020,1
Chengalpattu,TN,27/03/2020,2
Chengalpattu,TN,31/03/2020,1
Chennai,TN,01/04/2020,1
Chennai,TN,02/04/2020,20
Chennai,TN,03/04/2020,35
Chennai,TN,04/04/2020,7
Chennai,TN,05/04/2020,7
Chennai,TN,06/04/2020,15
Chennai,TN,07/04/2020,39
Chennai,TN,08/04/2020,7
Chennai,TN,09/04/2020,7
Chennai,TN,10/04/2020,9
Chennai,TN,11/04/2020,10
Chennai,TN,12/04/2020,18
Chennai,TN,13/04/2020,9
Chennai,TN,14/04/2020,5
Chennai,TN,15/04/2020,5
Chennai,TN,16/04/2020,3
Chennai,TN,17/04/2020,11
Chennai,TN,18/03/2020,1
Chennai,TN,18/04/2020,7
Chennai,TN,19/03/2020,1
Chennai,TN,19/04/2020,50
Chennai,TN,21/03/2020,1
Chennai,TN,22/03/2020,1
Chennai,TN,23/03/2020,1
Chennai,TN,24/03/2020,5
Chennai,TN,25/03/2020,1
Chennai,TN,26/03/2020,2
Chennai,TN,27/03/2020,2
Chennai,TN,28/03/2020,1
Chennai,TN,30/03/2020,5
Chennai,TN,31/03/2020,4
Chhindwara,MP,02/04/2020,1
Chhindwara,MP,04/04/2020,1
Chhindwara,MP,13/04/2020,2
Chikkaballapura,KA,08/04/2020,1
Chikkaballapura,KA,09/04/2020,1
Chikkaballapura,KA,14/04/2020,1
Chikkaballapura,KA,17/04/2020,3
Chikkaballapura,KA,24/03/2020,1
Chikkaballapura,KA,28/03/2020,5
Chikkaballapura,KA,31/03/2020,1
Chittoor,AP,01/04/2020,5
Chittoor,AP,02/04/2020,3
Chittoor,AP,04/04/2020,1
Chittoor,AP,05/04/2020,7
Chittoor,AP,07/04/2020,1
Chittoor,AP,08/04/2020,2
Chittoor,AP,12/04/2020,1
Chittoor,AP,13/04/2020,2
Chittoor,AP,17/04/2020,5
Chittoor,AP,24/03/2020,1
Chota Udaipur,GJ,05/04/2020,1
Chota Udaipur,GJ,09/04/2020,1
Chota Udaipur,GJ,11/04/2020,1
Chota Udaipur,GJ,14/04/2020,2
Chota Udaipur,GJ,17/04/2020,1
Chota Udaipur,GJ,19/04/2020,1
Churu,RJ,01/04/2020,7
Churu,RJ,04/04/2020,2
Churu,RJ,07/04/2020,1
Churu,RJ,12/04/2020,3
Churu,RJ,27/03/2020,1
Coimbatore,TN,01/04/2020,28
Coimbatore,TN,05/04/2020,29
Coimbatore,TN,06/04/2020,1
Coimbatore,TN,07/04/2020,1
Coimbatore,TN,10/04/2020,26
Coimbatore,TN,11/04/2020,11
Coimbatore,TN,12/04/2020,22
Coimbatore,TN,13/04/2020,7
Coimbatore,TN,13/04/2020,7
Coimbatore,TN,16/04/2020,1
Coimbatore,TN,18/04/2020,1
Coimbatore,TN,19/04/2020,5
Coimbatore,TN,22/03/2020,1
Cuddalore,TN,04/04/2020,3
Cuddalore,TN,05/04/2020,7
Cuddalore,TN,06/04/2020,3
Cuddalore,TN,10/04/2020,1
Cuddalore,TN,11/04/2020,1
Cuddalore,TN,12/04/2020,4
Cuddalore,TN,14/04/2020,1
Cuddalore,TN,19/04/2020,6
Cuttack,OR,03/04/2020,1
Dahod,GJ,09/04/2020,1
Dahod,GJ,14/04/2020,1
Dahod,GJ,19/04/2020,1
Dakshina Kannada,KA,01/04/2020,1
Dakshina Kannada,KA,04/04/2020,3
Dakshina Kannada,KA,17/04/2020,1
Dakshina Kannada,KA,19/04/2020,2
Dakshina Kannada,KA,24/03/2020,5
Dakshina Kannada,KA,27/03/2020,2
Dakshina Kannada,KA,31/03/2020,1
Dausa,RJ,03/04/2020,1
Dausa,RJ,05/04/2020,2
Dausa,RJ,06/04/2020,3
Dausa,RJ,10/04/2020,1
Dausa,RJ,11/04/2020,1
Dausa,RJ,13/04/2020,3
Dausa,RJ,15/04/2020,1
Dausa,RJ,17/04/2020,1
Davanagere,KA,25/03/2020,1
Davanagere,KA,27/03/2020,1
Davanagere,KA,28/03/2020,1
Dehradun,UT,03/04/2020,6
Dehradun,UT,05/04/2020,3
Dehradun,UT,06/04/2020,2
Dehradun,UT,08/04/2020,1
Dehradun,UT,15/03/2020,1
Dehradun,UT,17/04/2020,2
Dehradun,UT,19/03/2020,2
Dehradun,UT,19/04/2020,2
Dehradun,UT,23/03/2020,1
Dehradun,UT,28/03/2020,1
Dehradun,UT,29/03/2020,1
Dewas,MP,09/04/2020,3
Dewas,MP,13/04/2020,1
Dewas,MP,14/04/2020,3
Dewas,MP,15/04/2020,8
Dewas,MP,16/04/2020,2
Dewas,MP,17/04/2020,1
Dhanbad,JH,16/04/2020,1
Dhanbad,JH,19/04/2020,1
Dhar,MP,09/04/2020,1
Dhar,MP,13/04/2020,1
Dhar,MP,14/04/2020,1
Dhar,MP,16/04/2020,3
Dhar,MP,17/04/2020,4
Dharwad,KA,09/04/2020,1
Dharwad,KA,13/04/2020,4
Dharwad,KA,18/04/2020,1
Dharwad,KA,22/03/2020,1
Dhaulpur,RJ,02/04/2020,1
Dhenkanal,OR,09/04/2020,1
Dhubri,AS,07/04/2020,1
Dhubri,AS,09/04/2020,1
Dhubri,AS,13/04/2020,1
Dhubri,AS,14/04/2020,1
Dhule,MH,13/04/2020,1
Dindigul,TN,01/04/2020,17
Dindigul,TN,03/04/2020,26
Dindigul,TN,05/04/2020,2
Dindigul,TN,08/04/2020,1
Dindigul,TN,10/04/2020,8
Dindigul,TN,11/04/2020,1
Dindigul,TN,12/04/2020,1
Dindigul,TN,14/04/2020,9
Dindigul,TN,17/04/2020,1
Dindigul,TN,18/04/2020,3
Dindigul,TN,19/04/2020,5
Dungarpur,RJ,06/04/2020,2
Dungarpur,RJ,27/03/2020,2
Dungarpur,RJ,31/03/2020,1
Durg,CT,26/03/2020,1
East Delhi,DL,02/03/2020,1
East Godavari,AP,01/04/2020,5
East Godavari,AP,03/04/2020,2
East Godavari,AP,09/04/2020,1
East Godavari,AP,10/04/2020,5
East Godavari,AP,18/04/2020,2
East Godavari,AP,18/04/2020,2
East Godavari,AP,19/04/2020,5
East Godavari,AP,19/04/2020,5
East Godavari,AP,21/03/2020,1
East Godavari,AP,30/03/2020,2
East Godavari,AP,31/03/2020,1
East Khasi Hills,ML,13/04/2020,1
East Khasi Hills,ML,15/04/2020,6
Ernakulam,KL,01/04/2020,3
Ernakulam,KL,04/04/2020,1
Ernakulam,KL,10/03/2020,2
Ernakulam,KL,20/03/2020,6
Ernakulam,KL,21/03/2020,3
Ernakulam,KL,21/03/2020,3
Ernakulam,KL,22/03/2020,2
Ernakulam,KL,23/03/2020,2
Ernakulam,KL,24/03/2020,1
Ernakulam,KL,25/03/2020,3
Ernakulam,KL,29/03/2020,1
Erode,TN,01/04/2020,2
Erode,TN,02/04/2020,6
Erode,TN,09/04/2020,26
Erode,TN,10/04/2020,2
Erode,TN,12/04/2020,4
Erode,TN,15/04/2020,6
Erode,TN,15/04/2020,6
Erode,TN,21/03/2020,2
Erode,TN,21/03/2020,2
Erode,TN,25/03/2020,1
Erode,TN,26/03/2020,1
Erode,TN,27/03/2020,2
Erode,TN,29/03/2020,8
Erode,TN,30/03/2020,10
Erode,TN,30/03/2020,10
Etawah,UP,13/04/2020,1
Etawah,UP,17/04/2020,1
Etawah,UP,19/04/2020,1
Evacuees*,RJ,01/04/2020,1
Evacuees*,RJ,03/04/2020,9
Evacuees*,RJ,04/04/2020,1
Evacuees*,RJ,05/04/2020,5
Evacuees*,RJ,06/04/2020,3
Evacuees*,RJ,09/04/2020,6
Evacuees*,RJ,10/04/2020,8
Evacuees*,RJ,12/04/2020,2
Evacuees*,RJ,13/04/2020,2
Evacuees*,RJ,13/04/2020,2
Evacuees*,RJ,17/04/2020,6
Evacuees*,RJ,17/04/2020,6
Evacuees*,RJ,30/03/2020,7
Evacuees*,RJ,31/03/2020,10
Evacuees*,RJ,31/03/2020,10
Faridabad,HR,04/04/2020,8
Faridabad,HR,07/04/2020,7
Faridabad,HR,08/04/2020,7
Faridabad,HR,11/04/2020,1
Faridabad,HR,12/04/2020,2
Faridabad,HR,14/04/2020,2
Faridabad,HR,14/04/2020,2
Faridabad,HR,19/04/2020,9
Faridabad,HR,19/04/2020,9
Faridabad,HR,20/03/2020,1
Faridabad,HR,24/03/2020,1
Faridabad,HR,28/03/2020,1
Faridabad,HR,30/03/2020,1
Faridabad,HR,31/03/2020,2
Faridabad,HR,31/03/2020,2
Faridkot,PB,04/04/2020,1
Faridkot,PB,08/04/2020,1
Faridkot,PB,12/04/2020,1
Fatehabad,HR,08/04/2020,1
Fatehgarh Sahib,PB,06/04/2020,2
Firozabad,UP,03/04/2020,4
Firozabad,UP,07/04/2020,3
Firozabad,UP,09/04/2020,4
Firozabad,UP,12/04/2020,4
Firozabad,UP,13/04/2020,4
Firozabad,UP,13/04/2020,4
Firozabad,UP,15/04/2020,6
Firozabad,UP,15/04/2020,6
Firozabad,UP,16/04/2020,2
Firozabad,UP,16/04/2020,2
Firozabad,UP,18/04/2020,11
Firozabad,UP,19/04/2020,10
Firozpur,PB,17/04/2020,1
Gadag,KA,07/04/2020,1
Gadag,KA,16/04/2020,1
Gadag,KA,18/04/2020,1
Ganderbal,JK,09/04/2020,1
Ganderbal,JK,10/04/2020,1
Ganderbal,JK,12/04/2020,3
Ganderbal,JK,15/04/2020,8
Ganderbal,JK,16/04/2020,1
Gandhinagar,GJ,04/04/2020,2
Gandhinagar,GJ,10/04/2020,1
Gandhinagar,GJ,11/04/2020,1
Gandhinagar,GJ,14/04/2020,1
Gandhinagar,GJ,16/04/2020,1
Gandhinagar,GJ,21/03/2020,1
Gandhinagar,GJ,22/03/2020,1
Gandhinagar,GJ,23/03/2020,1
Gandhinagar,GJ,24/03/2020,3
Gandhinagar,GJ,26/03/2020,3
Gandhinagar,GJ,28/03/2020,1
Gandhinagar,GJ,31/03/2020,1
Gautam Buddha Nagar,UP,01/04/2020,8
Gautam Buddha Nagar,UP,03/04/2020,2
Gautam Buddha Nagar,UP,04/04/2020,8
Gautam Buddha Nagar,UP,09/04/2020,3
Gautam Buddha Nagar,UP,10/04/2020,1
Gautam Buddha Nagar,UP,13/04/2020,4
Gautam Buddha Nagar,UP,13/04/2020,4
Gautam Buddha Nagar,UP,14/04/2020,16
Gautam Buddha Nagar,UP,14/04/2020,16
Gautam Buddha Nagar,UP,16/04/2020,10
Gautam Buddha Nagar,UP,16/04/2020,10
Gautam Buddha Nagar,UP,17/03/2020,2
Gautam Buddha Nagar,UP,18/03/2020,1
Gautam Buddha Nagar,UP,18/04/2020,3
Gautam Buddha Nagar,UP,19/03/2020,1
Gautam Buddha Nagar,UP,21/03/2020,2
Gautam Buddha Nagar,UP,21/03/2020,2
Gautam Buddha Nagar,UP,22/03/2020,2
Gautam Buddha Nagar,UP,22/03/2020,2
Gautam Buddha Nagar,UP,24/03/2020,1
Gautam Buddha Nagar,UP,25/03/2020,2
Gautam Buddha Nagar,UP,26/03/2020,3
Gautam Buddha Nagar,UP,27/03/2020,3
Gautam Buddha Nagar,UP,28/03/2020,10
Gautam Buddha Nagar,UP,29/03/2020,4
Gautam Buddha Nagar,UP,30/03/2020,7
Gautam Buddha Nagar,UP,31/03/2020,2
Gaya,BR,01/04/2020,1
Gaya,BR,02/04/2020,2
Gaya,BR,03/04/2020,1
Gaya,BR,31/03/2020,1
Ghaziabad,UP,02/04/2020,1
Ghaziabad,UP,03/04/2020,1
Ghaziabad,UP,04/04/2020,4
Ghaziabad,UP,05/03/2020,1
Ghaziabad,UP,05/04/2020,9
Ghaziabad,UP,09/04/2020,2
Ghaziabad,UP,11/04/2020,2
Ghaziabad,UP,12/03/2020,1
Ghaziabad,UP,16/04/2020,1
Ghaziabad,UP,18/04/2020,2
Ghaziabad,UP,18/04/2020,2
Ghaziabad,UP,19/04/2020,11
Ghaziabad,UP,19/04/2020,11
Ghaziabad,UP,23/03/2020,1
Ghaziabad,UP,27/03/2020,2
Ghaziabad,UP,27/03/2020,2
Ghaziabad,UP,29/03/2020,2
Ghaziabad,UP,29/03/2020,2
Ghaziabad,UP,31/03/2020,1
Ghazipur,UP,03/04/2020,1
Ghazipur,UP,04/04/2020,2
Ghazipur,UP,05/04/2020,2
Gir Somnath,GJ,29/03/2020,1
Gir Somnath,GJ,30/03/2020,1
Giridih,JH,13/04/2020,1
Goalpara,AS,01/04/2020,3
Goalpara,AS,13/04/2020,1
Golaghat,AS,04/04/2020,1
Gomati,TR,06/04/2020,1
Gonda,UP,17/04/2020,1
Gondiya,MH,27/03/2020,1
Gopalganj,BR,02/04/2020,2
Gopalganj,BR,31/03/2020,1
Guntur,AP,01/04/2020,11
Guntur,AP,04/04/2020,10
Guntur,AP,06/04/2020,2
Guntur,AP,07/04/2020,9
Guntur,AP,08/04/2020,8
Guntur,AP,09/04/2020,2
Guntur,AP,10/04/2020,7
Guntur,AP,11/04/2020,17
Guntur,AP,12/04/2020,7
Guntur,AP,13/04/2020,11
Guntur,AP,13/04/2020,11
Guntur,AP,14/04/2020,21
Guntur,AP,14/04/2020,21
Guntur,AP,15/04/2020,8
Guntur,AP,17/04/2020,3
Guntur,AP,17/04/2020,3
Guntur,AP,19/04/2020,3
Guntur,AP,19/04/2020,3
Guntur,AP,25/03/2020,1
Guntur,AP,27/03/2020,1
Guntur,AP,28/03/2020,2
Guntur,AP,28/03/2020,2
Guntur,AP,31/03/2020,5
Gurdaspur,PB,14/04/2020,1
Gurdaspur,PB,18/04/2020,1
Gurugram,HR,03/04/2020,5
Gurugram,HR,04/04/2020,2
Gurugram,HR,05/04/2020,1
Gurugram,HR,07/04/2020,2
Gurugram,HR,08/04/2020,12
Gurugram,HR,17/03/2020,1
Gurugram,HR,18/03/2020,2
Gurugram,HR,19/04/2020,4
Gurugram,HR,23/03/2020,6
Gurugram,HR,25/03/2020,1
Gwalior,MP,07/04/2020,4
Gwalior,MP,25/03/2020,1
Gwalior,MP,28/03/2020,1
Hailakandi,AS,07/04/2020,1
Hanumangarh,RJ,12/04/2020,2
Hanumangarh,RJ,19/04/2020,1
Hapur,UP,03/04/2020,1
Hapur,UP,05/04/2020,2
Hapur,UP,10/04/2020,3
Hapur,UP,14/04/2020,3
Hapur,UP,14/04/2020,3
Hapur,UP,15/04/2020,6
Hapur,UP,17/04/2020,1
Hardoi,UP,03/04/2020,1
Hardoi,UP,09/04/2020,1
Haridwar,UT,04/04/2020,1
Haridwar,UT,08/04/2020,2
Haridwar,UT,14/04/2020,2
Haridwar,UT,18/04/2020,2
Hathras,UP,04/04/2020,4
Hazaribagh,JH,02/04/2020,1
Hazaribagh,JH,11/04/2020,1
Hingoli,MH,04/04/2020,1
Hisar,HR,11/04/2020,1
Hisar,HR,31/03/2020,1
Hooghly,WB,29/03/2020,1
Hoshangabad,MP,09/04/2020,6
Hoshangabad,MP,11/04/2020,4
Hoshangabad,MP,13/04/2020,5
Hoshangabad,MP,13/04/2020,5
Hoshangabad,MP,15/04/2020,1
Hoshangabad,MP,17/04/2020,3
Hoshiarpur,PB,02/04/2020,1
Hoshiarpur,PB,21/03/2020,1
Hoshiarpur,PB,24/03/2020,2
Hoshiarpur,PB,25/03/2020,1
Hoshiarpur,PB,30/03/2020,2
Howrah,WB,31/03/2020,1
Hyderabad,TG,01/04/2020,30
Hyderabad,TG,02/03/2020,1
Hyderabad,TG,02/04/2020,27
Hyderabad,TG,03/04/2020,6
Hyderabad,TG,05/04/2020,51
Hyderabad,TG,07/04/2020,17
Hyderabad,TG,08/04/2020,3
Hyderabad,TG,09/04/2020,3
Hyderabad,TG,11/04/2020,9
Hyderabad,TG,12/04/2020,10
Hyderabad,TG,13/04/2020,45
Hyderabad,TG,13/04/2020,45
Hyderabad,TG,14/03/2020,1
Hyderabad,TG,14/04/2020,40
Hyderabad,TG,14/04/2020,40
Hyderabad,TG,15/03/2020,1
Hyderabad,TG,15/04/2020,5
Hyderabad,TG,15/04/2020,5
Hyderabad,TG,16/03/2020,1
Hyderabad,TG,16/04/2020,33
Hyderabad,TG,16/04/2020,33
Hyderabad,TG,17/03/2020,1
Hyderabad,TG,17/04/2020,50
Hyderabad,TG,17/04/2020,50
Hyderabad,TG,18/03/2020,8
Hyderabad,TG,18/03/2020,8
Hyderabad,TG,18/04/2020,31
Hyderabad,TG,19/03/2020,3
Hyderabad,TG,19/04/2020,38
Hyderabad,TG,20/03/2020,1
Hyderabad,TG,21/03/2020,2
Hyderabad,TG,22/03/2020,5
Hyderabad,TG,23/03/2020,5
Hyderabad,TG,24/03/2020,2
Hyderabad,TG,25/03/2020,2
Hyderabad,TG,26/03/2020,3
Hyderabad,TG,26/03/2020,3
Hyderabad,TG,27/03/2020,14
Hyderabad,TG,27/03/2020,14
Hyderabad,TG,28/03/2020,8
Hyderabad,TG,28/03/2020,8
Hyderabad,TG,29/03/2020,3
Hyderabad,TG,29/03/2020,3
Hyderabad,TG,30/03/2020,7
Hyderabad,TG,30/03/2020,7
Hyderabad,TG,31/03/2020,20
Hyderabad,TG,31/03/2020,20
Idukki,KL,02/04/2020,5
Idukki,KL,15/03/2020,1
Idukki,KL,25/03/2020,1
Idukki,KL,26/03/2020,1
Idukki,KL,30/03/2020,2
Imphal East,MN,02/04/2020,1
Imphal West,MN,24/03/2020,1
Indore,MP,01/04/2020,32
Indore,MP,02/04/2020,2
Indore,MP,03/04/2020,35
Indore,MP,04/04/2020,14
Indore,MP,05/04/2020,7
Indore,MP,06/04/2020,16
Indore,MP,08/04/2020,22
Indore,MP,09/04/2020,48
Indore,MP,10/04/2020,14
Indore,MP,11/04/2020,46
Indore,MP,12/04/2020,30
Indore,MP,13/04/2020,17
Indore,MP,13/04/2020,17
Indore,MP,14/04/2020,83
Indore,MP,14/04/2020,83
Indore,MP,15/04/2020,133
Indore,MP,15/04/2020,133
Indore,MP,16/04/2020,163
Indore,MP,16/04/2020,163
Indore,MP,17/04/2020,134
Indore,MP,17/04/2020,134
Indore,MP,25/03/2020,4
Indore,MP,25/03/2020,4
Indore,MP,26/03/2020,5
Indore,MP,26/03/2020,5
Indore,MP,27/03/2020,5
Indore,MP,27/03/2020,5
Indore,MP,28/03/2020,6
Indore,MP,28/03/2020,6
Indore,MP,30/03/2020,7
Indore,MP,30/03/2020,7
Indore,MP,31/03/2020,18
Italians*,HR,04/03/2020,14
Italians*,RJ,03/03/2020,1
Italians*,RJ,04/03/2020,1
Jabalpur,MP,09/04/2020,1
Jabalpur,MP,13/04/2020,1
Jabalpur,MP,14/04/2020,2
Jabalpur,MP,16/04/2020,1
Jabalpur,MP,20/03/2020,4
Jabalpur,MP,22/03/2020,1
Jabalpur,MP,24/03/2020,1
Jabalpur,MP,27/03/2020,2
Jagitial,TG,06/04/2020,1
Jagitial,TG,10/04/2020,1
Jagitial,TG,17/04/2020,1
Jaipur,RJ,01/04/2020,13
Jaipur,RJ,02/04/2020,7
Jaipur,RJ,03/04/2020,14
Jaipur,RJ,05/04/2020,39
Jaipur,RJ,06/04/2020,8
Jaipur,RJ,07/04/2020,6
Jaipur,RJ,08/04/2020,23
Jaipur,RJ,09/04/2020,39
Jaipur,RJ,10/03/2020,1
Jaipur,RJ,10/04/2020,53
Jaipur,RJ,11/04/2020,80
Jaipur,RJ,12/04/2020,40
Jaipur,RJ,13/04/2020,29
Jaipur,RJ,13/04/2020,29
Jaipur,RJ,14/03/2020,1
Jaipur,RJ,14/04/2020,83
Jaipur,RJ,15/04/2020,30
Jaipur,RJ,15/04/2020,30
Jaipur,RJ,16/04/2020,3
Jaipur,RJ,16/04/2020,3
Jaipur,RJ,17/04/2020,8
Jaipur,RJ,17/04/2020,8
Jaipur,RJ,18/04/2020,25
Jaipur,RJ,18/04/2020,25
Jaipur,RJ,19/03/2020,2
Jaipur,RJ,19/03/2020,2
Jaipur,RJ,19/04/2020,16
Jaipur,RJ,19/04/2020,16
Jaipur,RJ,20/03/2020,2
Jaipur,RJ,20/03/2020,2
Jaipur,RJ,26/03/2020,1
Jaipur,RJ,27/03/2020,1
Jaipur,RJ,30/03/2020,10
Jaipur,RJ,31/03/2020,1
Jaisalmer,RJ,05/04/2020,1
Jaisalmer,RJ,07/04/2020,13
Jaisalmer,RJ,09/04/2020,5
Jaisalmer,RJ,10/04/2020,8
Jaisalmer,RJ,11/04/2020,1
Jaisalmer,RJ,12/04/2020,1
Jaisalmer,RJ,14/04/2020,1
Jaisalmer,RJ,18/04/2020,1
Jaisalmer,RJ,19/04/2020,1
Jajapur,OR,03/04/2020,1
Jajapur,OR,14/04/2020,1
Jalandhar,PB,04/04/2020,1
Jalandhar,PB,08/04/2020,2
Jalandhar,PB,09/04/2020,3
Jalandhar,PB,10/04/2020,1
Jalandhar,PB,11/04/2020,3
Jalandhar,PB,12/04/2020,7
Jalandhar,PB,13/04/2020,2
Jalandhar,PB,13/04/2020,2
Jalandhar,PB,14/04/2020,1
Jalandhar,PB,16/04/2020,6
Jalandhar,PB,16/04/2020,6
Jalandhar,PB,17/04/2020,4
Jalandhar,PB,18/04/2020,6
Jalandhar,PB,19/04/2020,6
Jalandhar,PB,24/03/2020,3
Jalandhar,PB,26/03/2020,1
Jalandhar,PB,27/03/2020,1
Jalgaon,MH,04/04/2020,1
Jalgaon,MH,29/03/2020,1
Jalna,MH,06/04/2020,1
Jalna,MH,16/04/2020,1
Jammu,JK,03/04/2020,1
Jammu,JK,07/04/2020,6
Jammu,JK,08/04/2020,3
Jammu,JK,09/03/2020,1
Jammu,JK,12/04/2020,2
Jammu,JK,13/03/2020,1
Jammu,JK,14/04/2020,2
Jammu,JK,14/04/2020,2
Jammu,JK,15/04/2020,3
Jammu,JK,15/04/2020,3
Jammu,JK,16/03/2020,1
Jammu,JK,28/03/2020,3
Jammu,JK,28/03/2020,3
Jammu,JK,30/03/2020,3
Jammu,JK,30/03/2020,3
Jamnagar,GJ,05/04/2020,1
Jangoan,TG,10/04/2020,2
Jaunpur,UP,02/04/2020,2
Jaunpur,UP,08/04/2020,1
Jaunpur,UP,16/04/2020,1
Jaunpur,UP,23/03/2020,1
Jayashankar,TG,10/04/2020,2
Jayashankar,TG,11/04/2020,1
Jhalawar,RJ,08/04/2020,2
Jhalawar,RJ,09/04/2020,7
Jhalawar,RJ,10/04/2020,3
Jhalawar,RJ,11/04/2020,2
Jhalawar,RJ,13/04/2020,1
Jhalawar,RJ,14/04/2020,2
Jhalawar,RJ,17/04/2020,1
Jhalawar,RJ,19/04/2020,2
Jhalawar,RJ,19/04/2020,2
Jhunjhunu,RJ,02/04/2020,1
Jhunjhunu,RJ,04/04/2020,8
Jhunjhunu,RJ,05/04/2020,1
Jhunjhunu,RJ,06/04/2020,5
Jhunjhunu,RJ,08/04/2020,1
Jhunjhunu,RJ,09/04/2020,7
Jhunjhunu,RJ,14/04/2020,1
Jhunjhunu,RJ,15/04/2020,1
Jhunjhunu,RJ,16/04/2020,2
Jhunjhunu,RJ,17/04/2020,1
Jhunjhunu,RJ,18/03/2020,3
Jhunjhunu,RJ,19/04/2020,1
Jhunjhunu,RJ,22/03/2020,1
Jhunjhunu,RJ,25/03/2020,1
Jhunjhunu,RJ,26/03/2020,1
Jhunjhunu,RJ,29/03/2020,1
Jhunjhunu,RJ,31/03/2020,1
Jind,HR,07/04/2020,1
Jind,HR,12/04/2020,1
Jodhpur,RJ,01/04/2020,1
Jodhpur,RJ,02/04/2020,2
Jodhpur,RJ,04/04/2020,7
Jodhpur,RJ,05/04/2020,3
Jodhpur,RJ,06/04/2020,1
Jodhpur,RJ,07/04/2020,9
Jodhpur,RJ,08/04/2020,1
Jodhpur,RJ,09/04/2020,3
Jodhpur,RJ,10/04/2020,9
Jodhpur,RJ,12/04/2020,8
Jodhpur,RJ,13/04/2020,31
Jodhpur,RJ,13/04/2020,31
Jodhpur,RJ,14/04/2020,13
Jodhpur,RJ,14/04/2020,13
Jodhpur,RJ,15/04/2020,10
Jodhpur,RJ,15/04/2020,10
Jodhpur,RJ,16/04/2020,11
Jodhpur,RJ,16/04/2020,11
Jodhpur,RJ,17/04/2020,38
Jodhpur,RJ,17/04/2020,38
Jodhpur,RJ,18/04/2020,26
Jodhpur,RJ,19/04/2020,48
Jodhpur,RJ,22/03/2020,2
Jodhpur,RJ,23/03/2020,1
Jodhpur,RJ,25/03/2020,1
Jodhpur,RJ,26/03/2020,1
Jodhpur,RJ,27/03/2020,1
Jodhpur,RJ,30/03/2020,1
Jogulamba Gadwal,TG,06/04/2020,8
Jogulamba Gadwal,TG,07/04/2020,9
Jogulamba Gadwal,TG,10/04/2020,2
Jogulamba Gadwal,TG,18/04/2020,7
Jogulamba Gadwal,TG,18/04/2020,7
Jorhat,AS,01/04/2020,8
Kachchh,GJ,05/04/2020,1
Kachchh,GJ,10/04/2020,2
Kachchh,GJ,21/03/2020,1
Kaithal,HR,04/04/2020,1
Kaithal,HR,09/04/2020,1
Kalaburagi,KA,02/04/2020,1
Kalaburagi,KA,07/04/2020,2
Kalaburagi,KA,08/04/2020,2
Kalaburagi,KA,10/04/2020,1
Kalaburagi,KA,12/04/2020,3
Kalaburagi,KA,13/03/2020,1
Kalaburagi,KA,14/04/2020,3
Kalaburagi,KA,15/04/2020,1
Kalaburagi,KA,16/03/2020,1
Kalaburagi,KA,16/04/2020,3
Kalaburagi,KA,16/04/2020,3
Kalaburagi,KA,17/03/2020,1
Kalaburagi,KA,18/04/2020,2
Kalaburagi,KA,31/03/2020,1
Kalahandi,OR,04/04/2020,1
Kalahandi,OR,09/04/2020,1
Kalimpong,WB,28/03/2020,1
Kallakurichi,TN,04/04/2020,2
Kallakurichi,TN,09/04/2020,1
Kamareddy,TG,09/04/2020,10
Kamareddy,TG,11/04/2020,1
Kamrup,AS,03/04/2020,1
Kamrup Metropolitan,AS,01/04/2020,4
Kamrup Metropolitan,AS,03/04/2020,1
Kamrup Metropolitan,AS,12/04/2020,1
Kancheepuram,TN,01/04/2020,2
Kancheepuram,TN,03/04/2020,1
Kancheepuram,TN,05/04/2020,1
Kancheepuram,TN,06/04/2020,2
Kancheepuram,TN,07/03/2020,1
Kancheepuram,TN,19/04/2020,1
Kangra,HP,04/04/2020,1
Kangra,HP,17/04/2020,1
Kangra,HP,20/03/2020,2
Kangra,HP,23/03/2020,1
Kannauj,UP,16/04/2020,4
Kannauj,UP,19/04/2020,1
Kanniyakumari,TN,05/04/2020,1
Kanniyakumari,TN,09/04/2020,8
Kanniyakumari,TN,10/04/2020,1
Kanniyakumari,TN,14/04/2020,1
Kanniyakumari,TN,31/03/2020,5
Kanniyakumari,TN,31/03/2020,5
Kannur,KL,01/04/2020,2
Kannur,KL,02/04/2020,1
Kannur,KL,03/04/2020,1
Kannur,KL,04/04/2020,1
Kannur,KL,05/04/2020,1
Kannur,KL,07/04/2020,2
Kannur,KL,08/04/2020,4
Kannur,KL,09/03/2020,1
Kannur,KL,09/04/2020,4
Kannur,KL,10/04/2020,2
Kannur,KL,11/04/2020,7
Kannur,KL,12/03/2020,1
Kannur,KL,12/04/2020,1
Kannur,KL,13/04/2020,2
Kannur,KL,13/04/2020,2
Kannur,KL,14/04/2020,4
Kannur,KL,14/04/2020,4
Kannur,KL,15/04/2020,1
Kannur,KL,16/04/2020,4
Kannur,KL,16/04/2020,4
Kannur,KL,18/04/2020,3
Kannur,KL,19/04/2020,1
Kannur,KL,21/03/2020,3
Kannur,KL,21/03/2020,3
Kannur,KL,22/03/2020,4
Kannur,KL,22/03/2020,4
Kannur,KL,23/03/2020,5
Kannur,KL,23/03/2020,5
Kannur,KL,26/03/2020,9
Kannur,KL,26/03/2020,9
Kannur,KL,27/03/2020,2
Kannur,KL,27/03/2020,2
Kannur,KL,29/03/2020,8
Kannur,KL,29/03/2020,8
Kannur,KL,30/03/2020,11
Kannur,KL,30/03/2020,11
Kannur,KL,31/03/2020,1
Kannur,,07/04/2020,1
Kanpur Nagar,UP,03/04/2020,6
Kanpur Nagar,UP,06/04/2020,1
Kanpur Nagar,UP,09/04/2020,1
Kanpur Nagar,UP,14/04/2020,1
Kanpur Nagar,UP,15/04/2020,8
Kanpur Nagar,UP,16/04/2020,4
Kanpur Nagar,UP,17/04/2020,7
Kanpur Nagar,UP,18/04/2020,1
Kanpur Nagar,UP,23/03/2020,1
Kapurthala,PB,06/04/2020,1
Kapurthala,PB,12/04/2020,1
Karauli,RJ,04/04/2020,1
Karauli,RJ,08/04/2020,1
Karauli,RJ,11/04/2020,1
Kargil,LA,03/04/2020,1
Kargil,LA,13/04/2020,1
Kargil,LA,17/03/2020,1
Kargil,LA,21/03/2020,1
Karimnagar,TG,04/04/2020,14
Karimnagar,TG,06/04/2020,1
Karimnagar,TG,17/04/2020,1
Karimnagar,TG,20/03/2020,2
Karimnagar,TG,23/03/2020,1
Karnal,HR,03/04/2020,1
Karnal,HR,06/04/2020,4
Karnal,HR,12/04/2020,1
Karur,TN,01/04/2020,1
Karur,TN,02/04/2020,15
Karur,TN,03/04/2020,3
Karur,TN,04/04/2020,2
Karur,TN,12/04/2020,3
Karur,TN,13/04/2020,15
Karur,TN,13/04/2020,15
Karur,TN,17/04/2020,1
Karur,TN,30/03/2020,1
Kasaragod,KL,01/04/2020,12
Kasaragod,KL,02/04/2020,8
Kasaragod,KL,03/2/2020,1
Kasaragod,KL,03/04/2020,7
Kasaragod,KL,04/04/2020,6
Kasaragod,KL,05/04/2020,1
Kasaragod,KL,06/04/2020,9
Kasaragod,KL,07/04/2020,4
Kasaragod,KL,08/04/2020,1
Kasaragod,KL,09/04/2020,4
Kasaragod,KL,10/04/2020,3
Kasaragod,KL,11/04/2020,2
Kasaragod,KL,14/04/2020,1
Kasaragod,KL,16/03/2020,1
Kasaragod,KL,16/04/2020,1
Kasaragod,KL,19/03/2020,1
Kasaragod,KL,19/04/2020,1
Kasaragod,KL,20/03/2020,6
Kasaragod,KL,20/03/2020,6
Kasaragod,KL,21/03/2020,6
Kasaragod,KL,22/03/2020,5
Kasaragod,KL,23/03/2020,19
Kasaragod,KL,23/03/2020,19
Kasaragod,KL,24/03/2020,6
Kasaragod,KL,24/03/2020,6
Kasaragod,KL,26/03/2020,3
Kasaragod,KL,26/03/2020,3
Kasaragod,KL,27/03/2020,34
Kasaragod,KL,27/03/2020,34
Kasaragod,KL,28/03/2020,1
Kasaragod,KL,29/03/2020,7
Kasaragod,KL,29/03/2020,7
Kasaragod,KL,30/03/2020,17
Kasaragod,KL,30/03/2020,17
Kasaragod,KL,31/03/2020,2
Kasaragod,KL,31/03/2020,2
Kasganj,UP,13/04/2020,3
Kaushambi,UP,06/04/2020,1
Kaushambi,UP,08/04/2020,1
Kendrapara,OR,06/04/2020,1
Kendrapara,OR,11/04/2020,1
Khammam,TG,03/04/2020,2
Khammam,TG,11/04/2020,1
Khammam,TG,12/04/2020,1
Khammam,TG,13/04/2020,1
Khammam,TG,14/04/2020,2
Khandwa,MP,09/04/2020,5
Khandwa,MP,14/04/2020,10
Khandwa,MP,15/04/2020,1
Khandwa,MP,16/04/2020,17
Khargone,MP,04/04/2020,3
Khargone,MP,05/04/2020,1
Khargone,MP,08/04/2020,8
Khargone,MP,10/04/2020,2
Khargone,MP,13/04/2020,3
Khargone,MP,13/04/2020,3
Khargone,MP,15/04/2020,22
Khargone,MP,15/04/2020,22
Kheda,GJ,15/04/2020,1
Kheda,GJ,16/04/2020,1
Kheri,UP,05/04/2020,3
Kheri,UP,19/03/2020,1
Khordha,OR,01/04/2020,1
Khordha,OR,03/04/2020,10
Khordha,OR,05/04/2020,18
Khordha,OR,07/04/2020,2
Khordha,OR,09/04/2020,4
Khordha,OR,10/04/2020,2
Khordha,OR,11/04/2020,1
Khordha,OR,13/04/2020,1
Khordha,OR,14/04/2020,4
Khordha,OR,14/04/2020,4
Khordha,OR,16/03/2020,1
Khordha,OR,19/03/2020,1
Khordha,OR,26/03/2020,1
Kishtwar,JK,10/04/2020,1
Kodagu,KA,19/03/2020,1
Kodarma,JH,11/04/2020,1
Kolhapur,MH,09/04/2020,2
Kolhapur,MH,11/04/2020,1
Kolhapur,MH,27/03/2020,1
Kolhapur,MH,30/03/2020,1
Kolkata,WB,17/03/2020,1
Kolkata,WB,20/03/2020,1
Kolkata,WB,21/03/2020,1
Kolkata,WB,22/03/2020,3
Kolkata,WB,24/03/2020,2
Kolkata,WB,26/03/2020,1
Kolkata,WB,29/03/2020,1
Kolkata,WB,30/03/2020,1
Kollam,KL,02/04/2020,2
Kollam,KL,04/04/2020,1
Kollam,KL,06/04/2020,1
Kollam,KL,07/04/2020,1
Kollam,KL,09/04/2020,1
Kollam,KL,27/03/2020,1
Kollam,KL,28/03/2020,1
Kollam,KL,31/03/2020,1
Korba,CT,04/04/2020,1
Korba,CT,09/04/2020,8
Korba,CT,11/04/2020,7
Korba,CT,12/04/2020,6
Korba,CT,14/04/2020,2
Korba,CT,14/04/2020,2
Korba,CT,16/04/2020,3
Korba,CT,16/04/2020,3
Korba,CT,30/03/2020,1
Kota,RJ,06/04/2020,10
Kota,RJ,08/04/2020,5
Kota,RJ,09/04/2020,2
Kota,RJ,10/04/2020,2
Kota,RJ,11/04/2020,14
Kota,RJ,12/04/2020,7
Kota,RJ,13/04/2020,9
Kota,RJ,13/04/2020,9
Kota,RJ,14/04/2020,8
Kota,RJ,15/04/2020,27
Kota,RJ,16/04/2020,2
Kota,RJ,16/04/2020,2
Kota,RJ,17/04/2020,6
Kota,RJ,17/04/2020,6
Kota,RJ,18/04/2020,5
Kota,RJ,18/04/2020,5
Kota,RJ,19/04/2020,2
Kottayam,KL,10/03/2020,2
Kottayam,KL,24/03/2020,1
Kozhikode,KL,02/04/2020,1
Kozhikode,KL,05/04/2020,5
Kozhikode,KL,11/04/2020,1
Kozhikode,KL,14/04/2020,3
Kozhikode,KL,16/04/2020,2
Kozhikode,KL,16/04/2020,2
Kozhikode,KL,17/04/2020,1
Kozhikode,KL,18/04/2020,1
Kozhikode,KL,22/03/2020,2
Kozhikode,KL,24/03/2020,2
Kozhikode,KL,25/03/2020,1
Kozhikode,KL,27/03/2020,1
Krishna,AP,01/04/2020,10
Krishna,AP,02/04/2020,8
Krishna,AP,04/04/2020,5
Krishna,AP,06/04/2020,1
Krishna,AP,08/04/2020,6
Krishna,AP,13/04/2020,1
Krishna,AP,14/04/2020,8
Krishna,AP,15/04/2020,1
Krishna,AP,16/04/2020,3
Krishna,AP,17/04/2020,4
Krishna,AP,18/04/2020,17
Krishna,AP,19/04/2020,6
Krishna,AP,21/03/2020,1
Krishna,AP,25/03/2020,1
Krishna,AP,26/03/2020,1
Krishna,AP,28/03/2020,1
Krishna,AP,31/03/2020,1
Kulgam,JK,10/04/2020,3
Kulgam,JK,12/04/2020,1
Kulgam,JK,13/04/2020,1
Kulgam,JK,19/04/2020,1
Kumuram Bheem Asifabad,TG,11/04/2020,1
Kumuram Bheem Asifabad,TG,12/04/2020,1
Kumuram Bheem Asifabad,TG,13/04/2020,1
Kupwara,JK,09/04/2020,15
Kupwara,JK,12/04/2020,8
Kupwara,JK,15/04/2020,2
Kupwara,JK,17/04/2020,2
Kupwara,JK,19/04/2020,4
Kupwara,JK,19/04/2020,4
Kurnool,AP,04/04/2020,3
Kurnool,AP,05/04/2020,49
Kurnool,AP,06/04/2020,20
Kurnool,AP,07/04/2020,1
Kurnool,AP,10/04/2020,2
Kurnool,AP,11/04/2020,5
Kurnool,AP,12/04/2020,2
Kurnool,AP,14/04/2020,7
Kurnool,AP,14/04/2020,7
Kurnool,AP,15/04/2020,19
Kurnool,AP,16/04/2020,3
Kurnool,AP,16/04/2020,3
Kurnool,AP,17/04/2020,14
Kurnool,AP,17/04/2020,14
Kurnool,AP,18/04/2020,6
Kurnool,AP,18/04/2020,6
Kurnool,AP,19/04/2020,26
Kurnool,AP,19/04/2020,26
Kurnool,AP,28/03/2020,1
Kurukshetra,HR,12/04/2020,2
Lakhimpur,AS,04/04/2020,1
Lakhisarai,BR,28/03/2020,1
Latur,MH,04/04/2020,8
Leh,LA,07/03/2020,2
Leh,LA,10/04/2020,1
Leh,LA,11/03/2020,1
Leh,LA,13/04/2020,1
Leh,LA,15/04/2020,1
Leh,LA,17/03/2020,4
Leh,LA,20/03/2020,2
Leh,LA,21/03/2020,2
Lohit,AR,02/04/2020,1
Lucknow,UP,01/04/2020,1
Lucknow,UP,05/04/2020,7
Lucknow,UP,06/04/2020,5
Lucknow,UP,07/04/2020,2
Lucknow,UP,08/04/2020,5
Lucknow,UP,11/04/2020,3
Lucknow,UP,12/03/2020,1
Lucknow,UP,13/04/2020,4
Lucknow,UP,13/04/2020,4
Lucknow,UP,14/04/2020,8
Lucknow,UP,14/04/2020,8
Lucknow,UP,15/04/2020,31
Lucknow,UP,16/04/2020,22
Lucknow,UP,17/04/2020,7
Lucknow,UP,17/04/2020,7
Lucknow,UP,18/03/2020,1
Lucknow,UP,18/04/2020,56
Lucknow,UP,18/04/2020,56
Lucknow,UP,19/03/2020,1
Lucknow,UP,19/04/2020,2
Lucknow,UP,20/03/2020,4
Lucknow,UP,27/03/2020,1
Lucknow,UP,30/03/2020,1
Ludhiana,PB,01/04/2020,1
Ludhiana,PB,03/04/2020,1
Ludhiana,PB,05/04/2020,1
Ludhiana,PB,06/04/2020,1
Ludhiana,PB,09/04/2020,4
Ludhiana,PB,13/04/2020,1
Ludhiana,PB,17/04/2020,4
Ludhiana,PB,25/03/2020,1
Ludhiana,PB,30/03/2020,1
Madurai,TN,01/04/2020,9
Madurai,TN,04/04/2020,2
Madurai,TN,05/04/2020,2
Madurai,TN,07/04/2020,5
Madurai,TN,09/04/2020,1
Madurai,TN,13/04/2020,14
Madurai,TN,14/04/2020,2
Madurai,TN,16/04/2020,3
Madurai,TN,19/04/2020,2
Madurai,TN,23/03/2020,1
Madurai,TN,27/03/2020,2
Madurai,TN,30/03/2020,1
Madurai,TN,31/03/2020,2
Mahabubabad,TG,04/04/2020,1
Mahabubnagar,TG,04/04/2020,4
Mahabubnagar,TG,06/04/2020,3
Mahabubnagar,TG,07/04/2020,3
Mahabubnagar,TG,11/04/2020,1
Mahe,PY,17/03/2020,1
Mahesana,GJ,06/04/2020,1
Mahesana,GJ,14/04/2020,2
Mahesana,GJ,19/04/2020,1
Mahesana,GJ,28/03/2020,1
Mahisagar,GJ,17/04/2020,1
Mahisagar,GJ,18/04/2020,1
Mahrajganj,UP,04/04/2020,6
Mainpuri,UP,16/04/2020,2
Mainpuri,UP,17/04/2020,2
Malappuram,KL,01/04/2020,2
Malappuram,KL,02/04/2020,1
Malappuram,KL,06/04/2020,2
Malappuram,KL,07/04/2020,1
Malappuram,KL,09/04/2020,2
Malappuram,KL,10/04/2020,2
Malappuram,KL,16/03/2020,2
Malappuram,KL,16/03/2020,2
Malappuram,KL,22/03/2020,2
Malappuram,KL,22/03/2020,2
Malappuram,KL,24/03/2020,1
Malappuram,KL,26/03/2020,3
Malappuram,KL,28/03/2020,1
Malappuram,KL,29/03/2020,1
Mandsaur,MP,11/04/2020,1
Mandsaur,MP,14/04/2020,1
Mandsaur,MP,16/04/2020,5
Mandsaur,MP,17/04/2020,1
Mandya,KA,07/04/2020,3
Mandya,KA,08/04/2020,1
Mandya,KA,09/04/2020,1
Mandya,KA,13/04/2020,3
Mandya,KA,17/04/2020,3
Mandya,KA,18/04/2020,1
Mansa,PB,04/04/2020,3
Mansa,PB,07/04/2020,2
Mansa,PB,09/04/2020,6
Mathura,UP,06/04/2020,2
Mathura,UP,12/04/2020,1
Mathura,UP,13/04/2020,1
Mau,UP,19/04/2020,1
Medak,TG,04/04/2020,5
Medchal Malkajgiri,TG,06/04/2020,3
Medchal Malkajgiri,TG,08/04/2020,2
Medchal Malkajgiri,TG,26/03/2020,1
Medinipur East,WB,28/03/2020,2
Medinipur East,WB,31/03/2020,1
Meerut,UP,02/04/2020,1
Meerut,UP,03/04/2020,5
Meerut,UP,05/04/2020,8
Meerut,UP,08/04/2020,2
Meerut,UP,09/04/2020,3
Meerut,UP,10/04/2020,6
Meerut,UP,11/04/2020,4
Meerut,UP,12/04/2020,3
Meerut,UP,13/04/2020,5
Meerut,UP,13/04/2020,5
Meerut,UP,14/04/2020,5
Meerut,UP,15/04/2020,4
Meerut,UP,16/04/2020,4
Meerut,UP,16/04/2020,4
Meerut,UP,18/04/2020,1
Meerut,UP,19/04/2020,4
Meerut,UP,19/04/2020,4
Meerut,UP,28/03/2020,5
Meerut,UP,28/03/2020,5
Meerut,UP,30/03/2020,14
Meerut,UP,30/03/2020,14
Mirzapur,UP,04/04/2020,2
Mirzapur,UP,17/04/2020,1
Mirzapur,UP,18/04/2020,1
Moga,PB,07/04/2020,4
Moradabad,UP,12/04/2020,1
Moradabad,UP,14/04/2020,17
Moradabad,UP,15/04/2020,2
Moradabad,UP,17/04/2020,12
Moradabad,UP,18/04/2020,6
Moradabad,UP,19/04/2020,18
Moradabad,UP,21/03/2020,1
Morbi,GJ,05/04/2020,1
Morena,MP,03/04/2020,12
Morena,MP,08/04/2020,1
Morena,MP,13/04/2020,1
Morigaon,AS,03/04/2020,1
Morigaon,AS,16/04/2020,2
Mulugu,TG,08/04/2020,2
Mumbai,MH,01/04/2020,30
Mumbai,MH,02/04/2020,54
Mumbai,MH,03/04/2020,43
Mumbai,MH,04/04/2020,99
Mumbai,MH,05/04/2020,81
Mumbai,MH,06/04/2020,67
Mumbai,MH,07/04/2020,124
Mumbai,MH,08/04/2020,72
Mumbai,MH,09/04/2020,162
Mumbai,MH,10/04/2020,132
Mumbai,MH,11/03/2020,2
Mumbai,MH,11/04/2020,138
Mumbai,MH,12/03/2020,2
Mumbai,MH,12/04/2020,152
Mumbai,MH,13/04/2020,242
Mumbai,MH,13/04/2020,242
Mumbai,MH,14/03/2020,1
Mumbai,MH,14/04/2020,216
Mumbai,MH,14/04/2020,216
Mumbai,MH,15/04/2020,140
Mumbai,MH,15/04/2020,140
Mumbai,MH,16/03/2020,1
Mumbai,MH,16/04/2020,177
Mumbai,MH,16/04/2020,177
Mumbai,MH,17/03/2020,1
Mumbai,MH,17/04/2020,12
Mumbai,MH,18/03/2020,1
Mumbai,MH,18/04/2020,183
Mumbai,MH,19/03/2020,1
Mumbai,MH,20/03/2020,2
Mumbai,MH,20/03/2020,2
Mumbai,MH,21/03/2020,8
Mumbai,MH,21/03/2020,8
Mumbai,MH,22/03/2020,5
Mumbai,MH,22/03/2020,5
Mumbai,MH,23/03/2020,11
Mumbai,MH,23/03/2020,11
Mumbai,MH,24/03/2020,6
Mumbai,MH,24/03/2020,6
Mumbai,MH,25/03/2020,7
Mumbai,MH,25/03/2020,7
Mumbai,MH,26/03/2020,1
Mumbai,MH,27/03/2020,2
Mumbai,MH,27/03/2020,2
Mumbai,MH,28/03/2020,22
Mumbai,MH,29/03/2020,5
Mumbai,MH,30/03/2020,7
Mumbai,MH,31/03/2020,59
Munger,BR,15/04/2020,1
Munger,BR,16/04/2020,9
Munger,BR,19/04/2020,3
Munger,BR,22/03/2020,1
Munger,BR,26/03/2020,2
Munger,BR,29/03/2020,4
Muzaffarnagar,UP,08/04/2020,2
Muzaffarnagar,UP,09/04/2020,4
Muzaffarnagar,UP,12/04/2020,1
Mysuru,KA,01/04/2020,5
Mysuru,KA,02/04/2020,2
Mysuru,KA,04/04/2020,7
Mysuru,KA,06/04/2020,7
Mysuru,KA,09/04/2020,2
Mysuru,KA,10/04/2020,5
Mysuru,KA,11/04/2020,5
Mysuru,KA,12/04/2020,1
Mysuru,KA,15/04/2020,10
Mysuru,KA,15/04/2020,10
Mysuru,KA,16/04/2020,3
Mysuru,KA,16/04/2020,3
Mysuru,KA,17/04/2020,12
Mysuru,KA,18/04/2020,7
Mysuru,KA,19/04/2020,4
Mysuru,KA,19/04/2020,4
Mysuru,KA,21/03/2020,1
Mysuru,KA,23/03/2020,1
Mysuru,KA,26/03/2020,1
Mysuru,KA,29/03/2020,5
Mysuru,KA,30/03/2020,4
Mysuru,KA,31/03/2020,2
Nadia,WB,27/03/2020,5
Nagapattinam,TN,03/04/2020,5
Nagapattinam,TN,05/04/2020,6
Nagapattinam,TN,09/04/2020,1
Nagapattinam,TN,11/04/2020,12
Nagapattinam,TN,13/04/2020,5
Nagapattinam,TN,13/04/2020,5
Nagapattinam,TN,14/04/2020,2
Nagapattinam,TN,14/04/2020,2
Nagapattinam,TN,15/04/2020,7
Nagapattinam,TN,15/04/2020,7
Nagapattinam,TN,17/04/2020,2
Nagapattinam,TN,17/04/2020,2
Nagapattinam,TN,19/04/2020,3
Nagarkurnool,TG,08/04/2020,2
Nagaur,RJ,05/04/2020,1
Nagaur,RJ,12/04/2020,5
Nagaur,RJ,15/04/2020,1
Nagaur,RJ,16/04/2020,1
Nagaur,RJ,17/04/2020,6
Nagaur,RJ,18/04/2020,17
Nagaur,RJ,18/04/2020,17
Nagaur,RJ,19/04/2020,27
Nagpur,MH,04/04/2020,1
Nagpur,MH,07/04/2020,2
Nagpur,MH,10/04/2020,6
Nagpur,MH,11/03/2020,1
Nagpur,MH,12/04/2020,3
Nagpur,MH,13/03/2020,2
Nagpur,MH,13/03/2020,2
Nagpur,MH,13/04/2020,11
Nagpur,MH,13/04/2020,11
Nagpur,MH,14/03/2020,1
Nagpur,MH,14/04/2020,5
Nagpur,MH,15/04/2020,11
Nagpur,MH,16/04/2020,1
Nagpur,MH,17/04/2020,1
Nagpur,MH,18/04/2020,3
Nagpur,MH,18/04/2020,3
Nagpur,MH,26/03/2020,1
Nagpur,MH,27/03/2020,4
Nagpur,MH,28/03/2020,2
Nagpur,MH,29/03/2020,3
Nagpur,MH,30/03/2020,2
Nainital,UT,04/04/2020,5
Nainital,UT,05/04/2020,1
Nainital,UT,06/04/2020,2
Nainital,UT,17/04/2020,1
Nalanda,BR,01/04/2020,1
Nalanda,BR,13/04/2020,1
Nalanda,BR,15/04/2020,3
Nalanda,BR,17/04/2020,1
Nalanda,BR,19/04/2020,4
Nalanda,BR,27/03/2020,1
Nalbari,AS,03/04/2020,3
Nalgonda,TG,08/04/2020,12
Nalgonda,TG,18/04/2020,1
Nalgonda,TG,19/04/2020,2
Namakkal,TN,03/04/2020,3
Namakkal,TN,04/04/2020,3
Namakkal,TN,05/04/2020,1
Namakkal,TN,06/04/2020,3
Namakkal,TN,08/04/2020,5
Namakkal,TN,09/04/2020,8
Namakkal,TN,12/04/2020,4
Namakkal,TN,16/04/2020,5
Namakkal,TN,16/04/2020,5
Namakkal,TN,31/03/2020,18
Namakkal,TN,31/03/2020,18
Nandurbar,MH,18/04/2020,1
Narmada,GJ,15/04/2020,2
Narmada,GJ,16/04/2020,4
Narmada,GJ,17/04/2020,5
Narmada,GJ,19/04/2020,1
Nashik,MH,06/04/2020,1
Nashik,MH,09/04/2020,5
Nashik,MH,11/04/2020,8
Nashik,MH,12/04/2020,4
Nashik,MH,13/04/2020,15
Nashik,MH,14/04/2020,11
Nashik,MH,14/04/2020,11
Nashik,MH,16/04/2020,2
Nashik,MH,16/04/2020,2
Nashik,MH,17/04/2020,6
Nashik,MH,30/03/2020,1
Nawada,BR,08/04/2020,1
Nawada,BR,11/04/2020,2
New Delhi,DL,01/04/2020,2
New Delhi,DL,13/03/2020,1
New Delhi,DL,17/03/2020,2
Nirmal,TG,05/04/2020,1
Nirmal,TG,06/04/2020,3
Nirmal,TG,08/04/2020,11
Nirmal,TG,12/04/2020,2
Nizamabad,TG,03/04/2020,1
Nizamabad,TG,04/04/2020,19
Nizamabad,TG,05/04/2020,1
Nizamabad,TG,06/04/2020,7
Nizamabad,TG,07/04/2020,10
Nizamabad,TG,08/04/2020,11
Nizamabad,TG,12/04/2020,2
Nizamabad,TG,16/04/2020,3
Nizamabad,TG,16/04/2020,3
Nizamabad,TG,17/04/2020,4
Nizamabad,TG,17/04/2020,4
North 24 Parganas,WB,21/03/2020,1
North 24 Parganas,WB,29/03/2020,1
North 24 Parganas,WB,31/03/2020,2
North and Middle Andaman,AN,27/03/2020,1
North Delhi,DL,09/03/2020,1
North Delhi,DL,19/03/2020,1
North Delhi,DL,20/03/2020,1
North East Delhi,DL,18/03/2020,1
North Goa,GA,04/04/2020,1
North Goa,GA,25/03/2020,3
North Tripura,TR,10/04/2020,1
North West Delhi,DL,19/03/2020,1
North West Delhi,DL,20/03/2020,2
Nuh,HR,03/04/2020,3
Nuh,HR,05/04/2020,5
Nuh,HR,06/04/2020,6
Nuh,HR,07/04/2020,23
Nuh,HR,08/04/2020,1
Nuh,HR,12/04/2020,7
Nuh,HR,15/04/2020,3
Nuh,HR,15/04/2020,3
Nuh,HR,16/04/2020,2
Nuh,HR,16/04/2020,2
Nuh,HR,17/04/2020,6
Nuh,HR,17/04/2020,6
Nuh,HR,18/04/2020,1
Osmanabad,MH,02/04/2020,1
Osmanabad,MH,04/04/2020,2
Other Region*,MP,06/04/2020,1
Other States*,MH,04/04/2020,1
Other States*,MH,09/04/2020,6
Other States*,MH,10/04/2020,1
Other States*,MH,14/04/2020,2
Other States*,MH,14/04/2020,2
Other States*,MH,27/03/2020,1
Palakkad,KL,01/04/2020,1
Palakkad,KL,04/04/2020,1
Palakkad,KL,13/04/2020,1
Palakkad,KL,24/03/2020,1
Palakkad,KL,25/03/2020,2
Palakkad,KL,28/03/2020,1
Palakkad,KL,29/03/2020,1
Palghar,MH,05/04/2020,1
Palghar,MH,06/04/2020,4
Palghar,MH,07/04/2020,3
Palghar,MH,09/04/2020,1
Palghar,MH,10/04/2020,1
Palghar,MH,11/04/2020,3
Palghar,MH,12/04/2020,7
Palghar,MH,13/04/2020,5
Palghar,MH,13/04/2020,5
Palghar,MH,14/04/2020,4
Palghar,MH,14/04/2020,4
Palghar,MH,15/04/2020,3
Palghar,MH,15/04/2020,3
Palghar,MH,16/04/2020,4
Palghar,MH,17/04/2020,34
Palghar,MH,18/04/2020,8
Palghar,MH,23/03/2020,1
Palghar,MH,27/03/2020,1
Palghar,MH,28/03/2020,3
Palghar,MH,28/03/2020,3
Pali,RJ,05/04/2020,1
Pali,RJ,22/03/2020,1
Palwal,HR,02/04/2020,3
Palwal,HR,04/04/2020,13
Palwal,HR,06/04/2020,9
Palwal,HR,08/04/2020,2
Palwal,HR,11/04/2020,1
Palwal,HR,16/04/2020,1
Palwal,HR,18/04/2020,4
Palwal,HR,18/04/2020,4
Palwal,HR,23/03/2020,1
Panch Mahals,GJ,01/04/2020,1
Panch Mahals,GJ,13/04/2020,1
Panch Mahals,GJ,15/04/2020,3
Panch Mahals,GJ,16/04/2020,1
Panch Mahals,GJ,17/04/2020,2
Panch Mahals,GJ,18/04/2020,1
Panchkula,HR,09/04/2020,2
Panchkula,HR,10/04/2020,1
Panchkula,HR,15/04/2020,1
Panchkula,HR,16/04/2020,8
Panchkula,HR,17/04/2020,2
Panchkula,HR,18/04/2020,1
Panchkula,HR,21/03/2020,1
Panchkula,HR,31/03/2020,1
Panipat,HR,15/04/2020,1
Panipat,HR,20/03/2020,1
Panipat,HR,24/03/2020,1
Panipat,HR,26/03/2020,1
Panipat,HR,27/03/2020,1
Parbhani,MH,07/04/2020,1
Patan,GJ,04/04/2020,1
Patan,GJ,06/04/2020,1
Patan,GJ,07/04/2020,3
Patan,GJ,09/04/2020,7
Patan,GJ,10/04/2020,2
Patan,GJ,17/04/2020,1
Pathanamthitta,KL,02/04/2020,1
Pathanamthitta,KL,05/04/2020,1
Pathanamthitta,KL,06/04/2020,1
Pathanamthitta,KL,08/03/2020,5
Pathanamthitta,KL,08/04/2020,1
Pathanamthitta,KL,10/03/2020,4
Pathanamthitta,KL,12/04/2020,1
Pathanamthitta,KL,23/03/2020,1
Pathanamthitta,KL,25/03/2020,2
Pathanamthitta,KL,25/03/2020,2
Pathankot,PB,04/04/2020,1
Pathankot,PB,07/04/2020,6
Pathankot,PB,10/04/2020,8
Pathankot,PB,11/04/2020,1
Pathankot,PB,13/04/2020,2
Pathankot,PB,14/04/2020,4
Pathankot,PB,16/04/2020,2
Pathankot,PB,16/04/2020,2
Patiala,PB,03/04/2020,1
Patiala,PB,11/04/2020,1
Patiala,PB,15/04/2020,1
Patiala,PB,16/04/2020,3
Patiala,PB,17/04/2020,5
Patiala,PB,18/04/2020,15
Patna,BR,15/04/2020,1
Patna,BR,18/04/2020,1
Patna,BR,22/03/2020,1
Patna,BR,23/03/2020,1
Patna,BR,25/03/2020,1
Patna,BR,26/03/2020,1
Patna,BR,28/03/2020,1
Pauri Garhwal,UT,25/03/2020,1
Peddapalli,TG,05/04/2020,1
Peddapalli,TG,06/04/2020,1
Perambalur,TN,04/04/2020,1
Perambalur,TN,18/04/2020,3
Pilibhit,UP,23/03/2020,1
Pilibhit,UP,25/03/2020,1
Porbandar,GJ,01/04/2020,2
Porbandar,GJ,29/03/2020,1
Prakasam,AP,01/04/2020,4
Prakasam,AP,02/04/2020,2
Prakasam,AP,04/04/2020,4
Prakasam,AP,05/04/2020,2
Prakasam,AP,06/04/2020,1
Prakasam,AP,08/04/2020,4
Prakasam,AP,09/04/2020,11
Prakasam,AP,10/04/2020,2
Prakasam,AP,11/04/2020,1
Prakasam,AP,18/04/2020,2
Prakasam,AP,18/04/2020,2
Prakasam,AP,19/03/2020,1
Prakasam,AP,28/03/2020,2
Prakasam,AP,28/03/2020,2
Prakasam,AP,31/03/2020,8
Prakasam,AP,31/03/2020,8
Pratapgarh,RJ,23/03/2020,2
Pratapgarh,UP,03/04/2020,2
Pratapgarh,UP,04/04/2020,1
Pratapgarh,UP,09/04/2020,3
Prayagraj,UP,06/04/2020,1
Puducherry,PY,01/04/2020,2
Puducherry,PY,02/04/2020,2
Puducherry,PY,10/04/2020,2
Pulwama,JK,08/04/2020,3
Pune,MH,01/04/2020,2
Pune,MH,02/04/2020,11
Pune,MH,03/04/2020,9
Pune,MH,04/04/2020,12
Pune,MH,05/04/2020,18
Pune,MH,06/04/2020,41
Pune,MH,07/04/2020,10
Pune,MH,08/04/2020,38
Pune,MH,09/03/2020,2
Pune,MH,09/04/2020,17
Pune,MH,10/03/2020,3
Pune,MH,10/04/2020,42
Pune,MH,11/03/2020,3
Pune,MH,11/04/2020,9
Pune,MH,12/03/2020,1
Pune,MH,12/04/2020,6
Pune,MH,13/03/2020,1
Pune,MH,13/04/2020,45
Pune,MH,13/04/2020,45
Pune,MH,14/04/2020,43
Pune,MH,14/04/2020,43
Pune,MH,15/03/2020,5
Pune,MH,15/03/2020,5
Pune,MH,15/04/2020,56
Pune,MH,15/04/2020,56
Pune,MH,16/03/2020,1
Pune,MH,16/04/2020,66
Pune,MH,16/04/2020,66
Pune,MH,17/03/2020,1
Pune,MH,17/04/2020,31
Pune,MH,18/03/2020,2
Pune,MH,18/04/2020,87
Pune,MH,20/03/2020,2
Pune,MH,21/03/2020,2
Pune,MH,22/03/2020,4
Pune,MH,23/03/2020,1
Pune,MH,24/03/2020,3
Pune,MH,24/03/2020,3
Pune,MH,27/03/2020,1
Pune,MH,29/03/2020,5
Pune,MH,29/03/2020,5
Pune,MH,30/03/2020,6
Pune,MH,30/03/2020,6
Pune,MH,31/03/2020,5
Pune,MH,31/03/2020,5
Puri,OR,03/04/2020,1
Rae Bareli,UP,05/04/2020,2
Raigarh,MH,04/04/2020,1
Raigarh,MH,05/04/2020,3
Raigarh,MH,11/04/2020,1
Raigarh,MH,12/04/2020,5
Raigarh,MH,13/04/2020,2
Raigarh,MH,14/03/2020,1
Raigarh,MH,14/04/2020,1
Raigarh,MH,16/04/2020,3
Raigarh,MH,16/04/2020,3
Raigarh,MH,17/04/2020,18
Raigarh,MH,18/04/2020,6
Raigarh,MH,25/03/2020,1
Raipur,CT,19/03/2020,1
Raipur,CT,25/03/2020,1
Raipur,CT,26/03/2020,1
Raipur,CT,28/03/2020,1
Raipur,CT,31/03/2020,1
Raisen,MP,09/04/2020,1
Raisen,MP,13/04/2020,3
Raisen,MP,16/04/2020,4
Rajanna Sircilla,TG,03/04/2020,1
Rajanna Sircilla,TG,18/04/2020,2
Rajkot,GJ,07/04/2020,1
Rajkot,GJ,09/04/2020,2
Rajkot,GJ,10/04/2020,5
Rajkot,GJ,15/04/2020,6
Rajkot,GJ,15/04/2020,6
Rajkot,GJ,16/04/2020,4
Rajkot,GJ,18/04/2020,2
Rajkot,GJ,19/03/2020,1
Rajkot,GJ,19/04/2020,6
Rajkot,GJ,19/04/2020,6
Rajkot,GJ,24/03/2020,2
Rajkot,GJ,26/03/2020,2
Rajkot,GJ,27/03/2020,3
Rajkot,GJ,29/03/2020,1
Rajkot,GJ,31/03/2020,1
Rajnandgaon,CT,25/03/2020,1
Rajouri,JK,19/04/2020,1
Rajouri,JK,26/03/2020,1
Rajouri,JK,27/03/2020,2
Ramanathapuram,TN,02/04/2020,2
Ramanathapuram,TN,13/04/2020,3
Ramanathapuram,TN,14/04/2020,2
Ramanathapuram,TN,16/04/2020,3
Rampur,UP,08/04/2020,5
Rampur,UP,10/04/2020,1
Rampur,UP,19/04/2020,8
Rampur,UP,19/04/2020,8
Ranchi,JH,06/04/2020,1
Ranchi,JH,09/04/2020,5
Ranchi,JH,11/04/2020,1
Ranchi,JH,13/04/2020,3
Ranchi,JH,13/04/2020,3
Ranchi,JH,14/04/2020,2
Ranchi,JH,15/04/2020,1
Ranchi,JH,17/04/2020,3
Ranchi,JH,17/04/2020,3
Ranchi,JH,18/04/2020,1
Ranchi,JH,19/04/2020,6
Ranchi,JH,31/03/2020,1
Ranga Reddy,TG,03/04/2020,21
Ranga Reddy,TG,18/04/2020,2
Ranga Reddy,TG,24/03/2020,2
Ranipet,TN,02/04/2020,4
Ranipet,TN,04/04/2020,18
Ranipet,TN,05/04/2020,2
Ranipet,TN,07/04/2020,2
Ranipet,TN,10/04/2020,9
Ranipet,TN,12/04/2020,2
Ranipet,TN,25/03/2020,1
Ratlam,MP,11/04/2020,1
Ratlam,MP,14/04/2020,1
Ratlam,MP,15/04/2020,10
Ratnagiri,MH,03/04/2020,1
Ratnagiri,MH,07/04/2020,1
Ratnagiri,MH,09/04/2020,1
Ratnagiri,MH,10/04/2020,1
Ratnagiri,MH,14/04/2020,1
Ratnagiri,MH,18/03/2020,1
Rohtak,HR,02/04/2020,1
Rupnagar,PB,04/04/2020,1
Rupnagar,PB,06/04/2020,2
S.A.S. Nagar,PB,01/04/2020,3
S.A.S. Nagar,PB,03/04/2020,2
S.A.S. Nagar,PB,04/04/2020,2
S.A.S. Nagar,PB,05/04/2020,1
S.A.S. Nagar,PB,06/04/2020,4
S.A.S. Nagar,PB,07/04/2020,7
S.A.S. Nagar,PB,08/04/2020,4
S.A.S. Nagar,PB,09/04/2020,7
S.A.S. Nagar,PB,10/04/2020,11
S.A.S. Nagar,PB,11/04/2020,2
S.A.S. Nagar,PB,12/04/2020,3
S.A.S. Nagar,PB,13/04/2020,1
S.A.S. Nagar,PB,14/04/2020,2
S.A.S. Nagar,PB,14/04/2020,2
S.A.S. Nagar,PB,18/04/2020,1
S.A.S. Nagar,PB,19/04/2020,4
S.A.S. Nagar,PB,19/04/2020,4
S.A.S. Nagar,PB,20/03/2020,1
S.A.S. Nagar,PB,21/03/2020,3
S.A.S. Nagar,PB,21/03/2020,3
S.A.S. Nagar,PB,23/03/2020,1
S.A.S. Nagar,PB,24/03/2020,1
S.A.S. Nagar,PB,27/03/2020,1
S.P.S. Nellore,AP,01/04/2020,2
S.P.S. Nellore,AP,02/04/2020,21
S.P.S. Nellore,AP,03/04/2020,8
S.P.S. Nellore,AP,05/04/2020,2
S.P.S. Nellore,AP,06/04/2020,8
S.P.S. Nellore,AP,08/04/2020,6
S.P.S. Nellore,AP,12/03/2020,1
S.P.S. Nellore,AP,12/04/2020,4
S.P.S. Nellore,AP,13/04/2020,4
S.P.S. Nellore,AP,13/04/2020,4
S.P.S. Nellore,AP,14/04/2020,1
S.P.S. Nellore,AP,15/04/2020,2
S.P.S. Nellore,AP,15/04/2020,2
S.P.S. Nellore,AP,17/04/2020,6
S.P.S. Nellore,AP,17/04/2020,6
S.P.S. Nellore,AP,18/04/2020,3
S.P.S. Nellore,AP,18/04/2020,3
Sabar Kantha,GJ,07/04/2020,1
Sabar Kantha,GJ,18/04/2020,1
Sagar,MP,10/04/2020,1
Saharanpur,UP,03/04/2020,12
Saharanpur,UP,04/04/2020,1
Saharanpur,UP,08/04/2020,1
Saharanpur,UP,09/04/2020,6
Saharanpur,UP,11/04/2020,1
Saharanpur,UP,12/04/2020,7
Saharanpur,UP,13/04/2020,11
Saharanpur,UP,13/04/2020,11
Saharanpur,UP,14/04/2020,14
Saharanpur,UP,14/04/2020,14
Saharanpur,UP,19/04/2020,19
Saharanpur,UP,19/04/2020,19
Salem,TN,03/04/2020,2
Salem,TN,04/04/2020,1
Salem,TN,05/04/2020,3
Salem,TN,08/04/2020,1
Salem,TN,09/04/2020,1
Salem,TN,12/04/2020,4
Salem,TN,14/04/2020,1
Salem,TN,15/04/2020,3
Salem,TN,15/04/2020,3
Salem,TN,16/04/2020,2
Salem,TN,16/04/2020,2
Salem,TN,25/03/2020,5
Salem,TN,25/03/2020,5
Salem,TN,27/03/2020,1
Samba,JK,10/04/2020,3
Samba,JK,12/04/2020,1
Sambhal,UP,14/04/2020,6
Sambhal,UP,17/04/2020,1
Sangareddy,TG,03/04/2020,6
Sangareddy,TG,05/04/2020,1
Sangli,MH,07/04/2020,1
Sangli,MH,24/03/2020,4
Sangli,MH,25/03/2020,5
Sangli,MH,27/03/2020,15
Sangli,MH,29/03/2020,1
Sangrur,PB,09/04/2020,1
Sangrur,PB,10/04/2020,1
Sangrur,PB,15/04/2020,1
Sant Kabir Nagar,UP,16/04/2020,1
Saran,BR,02/04/2020,1
Satara,MH,02/04/2020,1
Satara,MH,06/04/2020,2
Satara,MH,07/04/2020,1
Satara,MH,09/04/2020,1
Satara,MH,18/04/2020,4
Satara,MH,24/03/2020,2
Satna,MP,11/04/2020,1
Satna,MP,13/04/2020,1
Sawai Madhopur,RJ,19/04/2020,4
Shahid Bhagat Singh Nagar,PB,19/03/2020,1
Shahid Bhagat Singh Nagar,PB,21/03/2020,6
Shahid Bhagat Singh Nagar,PB,22/03/2020,7
Shahid Bhagat Singh Nagar,PB,23/03/2020,1
Shahid Bhagat Singh Nagar,PB,26/03/2020,1
Shahid Bhagat Singh Nagar,PB,27/03/2020,3
Shahjahanpur,UP,03/04/2020,1
Shajapur,MP,10/04/2020,1
Shajapur,MP,14/04/2020,3
Shajapur,MP,16/04/2020,1
Shamli,UP,03/04/2020,2
Shamli,UP,04/04/2020,3
Shamli,UP,05/04/2020,3
Shamli,UP,06/04/2020,5
Shamli,UP,07/04/2020,3
Shamli,UP,14/04/2020,5
Shamli,UP,18/04/2020,1
Shamli,UP,27/03/2020,1
Sheopur,MP,07/04/2020,1
Sheopur,MP,11/04/2020,1
Sheopur,MP,14/04/2020,1
Shivpuri,MP,25/03/2020,1
Shivpuri,MP,28/03/2020,1
Shupiyan,JK,08/04/2020,2
Shupiyan,JK,09/04/2020,10
Shupiyan,JK,17/04/2020,3
Shupiyan,JK,18/04/2020,5
Shupiyan,JK,30/03/2020,2
Siddipet,TG,03/04/2020,1
Sikar,RJ,12/04/2020,1
Sikar,RJ,22/03/2020,1
Simdega,JH,14/04/2020,1
Simdega,JH,19/04/2020,1
Sindhudurg,MH,26/03/2020,1
Sirmaur,HP,09/04/2020,1
Sirsa,HR,13/04/2020,1
Sirsa,HR,31/03/2020,3
Sitapur,UP,06/04/2020,8
Sitapur,UP,08/04/2020,2
Sitapur,UP,14/04/2020,3
Sitapur,UP,16/04/2020,1
Sitapur,UP,18/04/2020,3
Sivaganga,TN,01/04/2020,5
Sivaganga,TN,09/04/2020,1
Sivaganga,TN,13/04/2020,4
Sivaganga,TN,14/04/2020,1
Siwan,BR,03/04/2020,1
Siwan,BR,07/04/2020,4
Siwan,BR,09/04/2020,17
Siwan,BR,10/04/2020,2
Siwan,BR,27/03/2020,1
Siwan,BR,31/03/2020,4
Siwan,BR,31/03/2020,4
Solan,HP,04/04/2020,6
Solan,HP,05/04/2020,1
Solan,HP,11/04/2020,2
Solapur,MH,12/04/2020,1
Solapur,MH,14/04/2020,2
Solapur,MH,15/04/2020,7
Solapur,MH,16/04/2020,2
Solapur,MH,18/04/2020,2
Sonipat,HR,08/04/2020,1
Sonipat,HR,10/04/2020,1
Sonipat,HR,15/04/2020,1
Sonipat,HR,18/04/2020,3
Sonipat,HR,18/04/2020,3
Sonipat,HR,21/03/2020,1
South 24 Parganas,WB,31/03/2020,1
South Andaman,AN,08/04/2020,1
South Andaman,AN,17/04/2020,1
South Andaman,AN,18/04/2020,2
South Andaman,AN,19/04/2020,1
South Andaman,AN,26/03/2020,1
South Andaman,AN,27/03/2020,4
South Andaman,AN,28/03/2020,3
South Andaman,AN,30/03/2020,1
South Delhi,DL,17/03/2020,1
South Delhi,DL,19/03/2020,1
South Delhi,DL,29/03/2020,6
South Delhi,DL,30/03/2020,18
South Salmara Mancachar,AS,03/04/2020,1
South West Delhi,DL,05/03/2020,1
South West Delhi,DL,11/03/2020,1
South West Delhi,DL,12/03/2020,1
Sri Muktsar Sahib,PB,09/04/2020,1
Srinagar,JK,07/04/2020,9
Srinagar,JK,08/04/2020,11
Srinagar,JK,11/04/2020,9
Srinagar,JK,12/04/2020,2
Srinagar,JK,13/04/2020,12
Srinagar,JK,13/04/2020,12
Srinagar,JK,14/04/2020,4
Srinagar,JK,15/04/2020,3
Srinagar,JK,16/04/2020,2
Srinagar,JK,16/04/2020,2
Srinagar,JK,18/03/2020,1
Srinagar,JK,19/04/2020,1
Srinagar,JK,24/03/2020,1
Srinagar,JK,25/03/2020,1
Srinagar,JK,26/03/2020,2
Srinagar,JK,27/03/2020,4
Srinagar,JK,28/03/2020,6
Srinagar,JK,29/03/2020,2
Srinagar,JK,30/03/2020,3
Srinagar,JK,30/03/2020,3
Srinagar,JK,31/03/2020,6
Srinagar,JK,31/03/2020,6
Sundargarh,OR,11/04/2020,2
Surat,GJ,01/04/2020,2
Surat,GJ,04/04/2020,1
Surat,GJ,05/04/2020,3
Surat,GJ,06/04/2020,3
Surat,GJ,07/04/2020,3
Surat,GJ,08/04/2020,1
Surat,GJ,09/04/2020,1
Surat,GJ,10/04/2020,3
Surat,GJ,11/04/2020,1
Surat,GJ,13/04/2020,5
Surat,GJ,13/04/2020,5
Surat,GJ,14/04/2020,9
Surat,GJ,14/04/2020,9
Surat,GJ,15/04/2020,9
Surat,GJ,15/04/2020,9
Surat,GJ,16/04/2020,37
Surat,GJ,16/04/2020,37
Surat,GJ,17/04/2020,52
Surat,GJ,17/04/2020,52
Surat,GJ,18/04/2020,13
Surat,GJ,19/03/2020,1
Surat,GJ,19/04/2020,89
Surat,GJ,21/03/2020,2
Surat,GJ,21/03/2020,2
Surat,GJ,23/03/2020,1
Surat,GJ,24/03/2020,1
Surat,GJ,25/03/2020,2
Surat,GJ,25/03/2020,2
Surat,GJ,26/03/2020,1
Surat,GJ,29/03/2020,1
Surat,GJ,31/03/2020,1
Suryapet,TG,03/04/2020,6
Suryapet,TG,06/04/2020,3
Suryapet,TG,12/04/2020,7
Suryapet,TG,13/04/2020,7
Suryapet,TG,13/04/2020,7
Suryapet,TG,16/04/2020,10
Suryapet,TG,16/04/2020,10
Suryapet,TG,17/04/2020,10
Tenkasi,TN,09/04/2020,1
Tenkasi,TN,12/04/2020,1
Tenkasi,TN,14/04/2020,3
Tenkasi,TN,15/04/2020,1
Tenkasi,TN,17/04/2020,5
Tenkasi,TN,18/04/2020,4
Tenkasi,TN,19/04/2020,4
Thane,MH,02/04/2020,9
Thane,MH,03/04/2020,10
Thane,MH,04/04/2020,21
Thane,MH,05/04/2020,1
Thane,MH,08/04/2020,5
Thane,MH,09/04/2020,15
Thane,MH,10/04/2020,22
Thane,MH,11/04/2020,24
Thane,MH,12/04/2020,42
Thane,MH,13/04/2020,21
Thane,MH,13/04/2020,21
Thane,MH,14/03/2020,3
Thane,MH,14/03/2020,3
Thane,MH,14/04/2020,60
Thane,MH,14/04/2020,60
Thane,MH,15/04/2020,14
Thane,MH,15/04/2020,14
Thane,MH,16/03/2020,4
Thane,MH,16/03/2020,4
Thane,MH,16/04/2020,13
Thane,MH,17/04/2020,18
Thane,MH,18/04/2020,30
Thane,MH,19/03/2020,1
Thane,MH,21/03/2020,1
Thane,MH,22/03/2020,1
Thane,MH,23/03/2020,2
Thane,MH,23/03/2020,2
Thane,MH,24/03/2020,2
Thane,MH,24/03/2020,2
Thane,MH,25/03/2020,2
Thane,MH,25/03/2020,2
Thane,MH,27/03/2020,2
Thane,MH,28/03/2020,1
Thane,MH,29/03/2020,4
Thane,MH,31/03/2020,13
Thanjavur,TN,05/04/2020,4
Thanjavur,TN,06/04/2020,3
Thanjavur,TN,07/04/2020,3
Thanjavur,TN,14/04/2020,4
Thanjavur,TN,15/04/2020,1
Thanjavur,TN,16/04/2020,1
Thanjavur,TN,17/04/2020,17
Thanjavur,TN,18/04/2020,1
Thanjavur,TN,19/04/2020,10
Thanjavur,TN,28/03/2020,1
The Nilgiris,TN,05/04/2020,4
The Nilgiris,TN,10/04/2020,3
The Nilgiris,TN,11/04/2020,2
Theni,TN,01/04/2020,20
Theni,TN,03/04/2020,1
Theni,TN,04/04/2020,2
Theni,TN,05/04/2020,1
Theni,TN,08/04/2020,16
Theni,TN,09/04/2020,1
Theni,TN,15/04/2020,1
Theni,TN,17/04/2020,2
Thiruvallur,TN,02/04/2020,1
Thiruvallur,TN,04/04/2020,10
Thiruvallur,TN,05/04/2020,1
Thiruvallur,TN,08/04/2020,1
Thiruvallur,TN,11/04/2020,16
Thiruvallur,TN,12/04/2020,1
Thiruvallur,TN,13/04/2020,4
Thiruvallur,TN,13/04/2020,4
Thiruvallur,TN,15/04/2020,7
Thiruvallur,TN,16/04/2020,1
Thiruvallur,TN,17/04/2020,5
Thiruvallur,TN,17/04/2020,5
Thiruvananthapuram,KL,01/04/2020,2
Thiruvananthapuram,KL,02/04/2020,1
Thiruvananthapuram,KL,09/04/2020,1
Thiruvananthapuram,KL,13/03/2020,3
Thiruvananthapuram,KL,15/03/2020,1
Thiruvananthapuram,KL,24/03/2020,1
Thiruvananthapuram,KL,28/03/2020,2
Thiruvananthapuram,KL,29/03/2020,1
Thiruvananthapuram,KL,31/03/2020,2
Thiruvarur,TN,01/04/2020,2
Thiruvarur,TN,02/04/2020,5
Thiruvarur,TN,03/04/2020,5
Thiruvarur,TN,09/04/2020,1
Thiruvarur,TN,13/04/2020,3
Thiruvarur,TN,15/04/2020,2
Thiruvarur,TN,17/04/2020,4
Thiruvarur,TN,19/04/2020,5
Thoothukkudi,TN,01/04/2020,2
Thoothukkudi,TN,02/04/2020,2
Thoothukkudi,TN,03/04/2020,4
Thoothukkudi,TN,05/04/2020,2
Thoothukkudi,TN,07/04/2020,6
Thoothukkudi,TN,09/04/2020,5
Thoothukkudi,TN,10/04/2020,2
Thoothukkudi,TN,13/04/2020,2
Thoothukkudi,TN,13/04/2020,2
Thoothukkudi,TN,31/03/2020,1
Thrissur,KL,01/04/2020,2
Thrissur,KL,02/04/2020,1
Thrissur,KL,03/04/2020,1
Thrissur,KL,08/04/2020,1
Thrissur,KL,12/03/2020,1
Thrissur,KL,23/03/2020,1
Thrissur,KL,26/03/2020,2
Thrissur,KL,26/03/2020,2
Thrissur,KL,27/03/2020,1
Thrissur,KL,29/03/2020,1
Thrissur,KL,30/1/2020,1
Thrissur,KL,31/03/2020,1
Tikamgarh,MP,14/04/2020,1
Tiruchirappalli,TN,04/04/2020,17
Tiruchirappalli,TN,06/04/2020,13
Tiruchirappalli,TN,08/04/2020,6
Tiruchirappalli,TN,11/04/2020,3
Tiruchirappalli,TN,12/04/2020,4
Tiruchirappalli,TN,17/04/2020,3
Tiruchirappalli,TN,17/04/2020,3
Tirunelveli,TN,01/04/2020,6
Tirunelveli,TN,02/04/2020,1
Tirunelveli,TN,03/04/2020,6
Tirunelveli,TN,04/04/2020,1
Tirunelveli,TN,05/04/2020,1
Tirunelveli,TN,08/04/2020,4
Tirunelveli,TN,09/04/2020,16
Tirunelveli,TN,15/04/2020,1
Tirunelveli,TN,16/04/2020,1
Tirunelveli,TN,18/04/2020,2
Tirunelveli,TN,19/04/2020,2
Tirunelveli,TN,22/03/2020,1
Tirunelveli,TN,31/03/2020,22
Tirupathur,TN,01/04/2020,7
Tirupathur,TN,02/04/2020,3
Tirupathur,TN,06/04/2020,1
Tirupathur,TN,09/04/2020,5
Tirupathur,TN,13/04/2020,1
Tiruppur,TN,04/04/2020,2
Tiruppur,TN,06/04/2020,4
Tiruppur,TN,07/04/2020,13
Tiruppur,TN,08/04/2020,2
Tiruppur,TN,09/04/2020,4
Tiruppur,TN,12/04/2020,35
Tiruppur,TN,13/04/2020,18
Tiruppur,TN,13/04/2020,18
Tiruppur,TN,16/04/2020,1
Tiruppur,TN,18/04/2020,28
Tiruppur,TN,18/04/2020,28
Tiruppur,TN,23/03/2020,1
Tiruvannamalai,TN,01/04/2020,1
Tiruvannamalai,TN,05/04/2020,2
Tiruvannamalai,TN,06/04/2020,1
Tiruvannamalai,TN,10/04/2020,1
Tiruvannamalai,TN,11/04/2020,1
Tiruvannamalai,TN,13/04/2020,1
Tiruvannamalai,TN,31/03/2020,1
Tonk,RJ,01/04/2020,4
Tonk,RJ,03/04/2020,12
Tonk,RJ,04/04/2020,1
Tonk,RJ,05/04/2020,1
Tonk,RJ,06/04/2020,2
Tonk,RJ,09/04/2020,7
Tonk,RJ,11/04/2020,20
Tonk,RJ,12/04/2020,12
Tonk,RJ,15/04/2020,1
Tonk,RJ,16/04/2020,11
Tonk,RJ,16/04/2020,11
Tonk,RJ,17/04/2020,22
Tonk,RJ,17/04/2020,22
Tonk,RJ,18/04/2020,2
Tonk,RJ,18/04/2020,2
Tumakuru,KA,27/03/2020,1
Udaipur,RJ,02/04/2020,1
Udaipur,RJ,03/04/2020,3
Udham Singh Nagar,UT,02/04/2020,3
Udham Singh Nagar,UT,08/04/2020,1
Udhampur,JK,03/04/2020,1
Udhampur,JK,04/04/2020,3
Udhampur,JK,10/04/2020,15
Udhampur,JK,15/04/2020,1
Udupi,KA,25/03/2020,1
Udupi,KA,29/03/2020,2
Ujjain,MP,02/04/2020,1
Ujjain,MP,06/04/2020,1
Ujjain,MP,07/04/2020,5
Ujjain,MP,08/04/2020,2
Ujjain,MP,13/04/2020,9
Ujjain,MP,14/04/2020,2
Ujjain,MP,15/04/2020,4
Ujjain,MP,17/04/2020,1
Ujjain,MP,25/03/2020,1
Ujjain,MP,27/03/2020,1
Ujjain,MP,28/03/2020,2
Ujjain,MP,30/03/2020,1
Ujjain,MP,31/03/2020,1
Una,HP,02/04/2020,3
Una,HP,07/04/2020,9
Una,HP,11/04/2020,2
Una,HP,14/04/2020,1
Unnao,UP,16/04/2020,1
Uttara Kannada,KA,08/04/2020,1
Uttara Kannada,KA,14/04/2020,1
Uttara Kannada,KA,22/03/2020,1
Uttara Kannada,KA,24/03/2020,1
Uttara Kannada,KA,27/03/2020,1
Uttara Kannada,KA,28/03/2020,4
Uttara Kannada,KA,31/03/2020,1
Vadodara,GJ,05/04/2020,1
Vadodara,GJ,06/04/2020,2
Vadodara,GJ,08/04/2020,6
Vadodara,GJ,09/04/2020,4
Vadodara,GJ,10/04/2020,37
Vadodara,GJ,11/04/2020,36
Vadodara,GJ,12/04/2020,6
Vadodara,GJ,13/04/2020,6
Vadodara,GJ,14/04/2020,6
Vadodara,GJ,14/04/2020,6
Vadodara,GJ,15/04/2020,8
Vadodara,GJ,15/04/2020,8
Vadodara,GJ,16/04/2020,7
Vadodara,GJ,16/04/2020,7
Vadodara,GJ,17/04/2020,16
Vadodara,GJ,17/04/2020,16
Vadodara,GJ,18/04/2020,14
Vadodara,GJ,19/04/2020,22
Vadodara,GJ,20/03/2020,2
Vadodara,GJ,21/03/2020,1
Vadodara,GJ,23/03/2020,4
Vadodara,GJ,28/03/2020,2
Vaishali,BR,15/04/2020,1
Varanasi,UP,04/04/2020,3
Varanasi,UP,05/04/2020,2
Varanasi,UP,08/04/2020,2
Varanasi,UP,17/04/2020,2
Varanasi,UP,18/04/2020,3
Varanasi,UP,21/03/2020,1
Varanasi,UP,28/03/2020,1
Vellore,TN,04/04/2020,2
Vellore,TN,05/04/2020,2
Vellore,TN,08/04/2020,1
Vellore,TN,09/04/2020,5
Vellore,TN,12/04/2020,1
Vellore,TN,13/04/2020,4
Vellore,TN,13/04/2020,4
Vellore,TN,15/04/2020,1
Vellore,TN,16/04/2020,3
Vellore,TN,17/04/2020,3
Vellore,TN,17/04/2020,3
Vellore,TN,28/03/2020,1
Vidisha,MP,06/04/2020,1
Vidisha,MP,09/04/2020,1
Vidisha,MP,10/04/2020,2
Vidisha,MP,11/04/2020,9
Vijayapura,KA,12/04/2020,6
Vijayapura,KA,14/04/2020,1
Vijayapura,KA,15/04/2020,3
Vijayapura,KA,16/04/2020,7
Vijayapura,KA,17/04/2020,2
Vijayapura,KA,18/04/2020,2
Vikarabad,TG,03/04/2020,6
Vikarabad,TG,05/04/2020,2
Vikarabad,TG,12/04/2020,4
Vikarabad,TG,13/04/2020,7
Vikarabad,TG,13/04/2020,7
Vikarabad,TG,14/04/2020,10
Vikarabad,TG,14/04/2020,10
Vikarabad,TG,16/04/2020,4
Vikarabad,TG,19/04/2020,4
Viluppuram,TN,03/04/2020,10
Viluppuram,TN,04/04/2020,1
Viluppuram,TN,05/04/2020,5
Viluppuram,TN,06/04/2020,1
Viluppuram,TN,08/04/2020,4
Viluppuram,TN,10/04/2020,3
Viluppuram,TN,16/04/2020,1
Viluppuram,TN,17/04/2020,2
Viluppuram,TN,17/04/2020,2
Viluppuram,TN,19/04/2020,7
Viluppuram,TN,19/04/2020,7
Viluppuram,TN,31/03/2020,3
Virudhunagar,TN,02/04/2020,9
Virudhunagar,TN,03/04/2020,1
Virudhunagar,TN,13/04/2020,6
Virudhunagar,TN,19/04/2020,2
Virudhunagar,TN,28/03/2020,1
Visakhapatnam,AP,01/04/2020,1
Visakhapatnam,AP,03/04/2020,4
Visakhapatnam,AP,06/04/2020,5
Visakhapatnam,AP,19/03/2020,1
Visakhapatnam,AP,19/04/2020,1
Visakhapatnam,AP,22/03/2020,1
Visakhapatnam,AP,23/03/2020,1
Visakhapatnam,AP,27/03/2020,1
Visakhapatnam,AP,29/03/2020,2
Visakhapatnam,AP,31/03/2020,4
Warangal Urban,TG,03/04/2020,20
Warangal Urban,TG,12/04/2020,1
Washim,MH,03/04/2020,1
Wayanad,KL,26/03/2020,1
Wayanad,KL,30/03/2020,2
West Delhi,DL,06/03/2020,1
West Delhi,DL,20/03/2020,1
West Godavari,AP,01/04/2020,14
West Godavari,AP,02/04/2020,1
West Godavari,AP,05/04/2020,1
West Godavari,AP,06/04/2020,5
West Godavari,AP,08/04/2020,1
West Godavari,AP,13/04/2020,1
West Godavari,AP,14/04/2020,1
West Godavari,AP,15/04/2020,7
West Godavari,AP,16/04/2020,3
West Godavari,AP,18/04/2020,1
Y.S.R.,AP,01/04/2020,15
Y.S.R.,AP,02/04/2020,3
Y.S.R.,AP,03/04/2020,1
Y.S.R.,AP,04/04/2020,4
Y.S.R.,AP,06/04/2020,5
Y.S.R.,AP,09/04/2020,1
Y.S.R.,AP,11/04/2020,1
Y.S.R.,AP,12/04/2020,1
Y.S.R.,AP,14/04/2020,2
Y.S.R.,AP,14/04/2020,2
Y.S.R.,AP,15/04/2020,3
Y.S.R.,AP,15/04/2020,3
Y.S.R.,AP,17/04/2020,1
Yamunanagar,HR,12/04/2020,3
Yavatmal,MH,13/04/2020,1
Yavatmal,MH,14/03/2020,2
Yavatmal,MH,16/03/2020,1
Yavatmal,MH,16/04/2020,8
Yavatmal,MH,21/03/2020,1
